name,point,rank,Win Rate,Wins,Win Rank,Kill / Death Ratio,Kills,Kill Rank,macth played,daliy logins,avg distance travelled,Total Distance Travelled,AVG Distance On Foot,AVG Distance In Vehicle,Weapons Acquired,Vehicles Destroyed,Total Damage Dealt,Top 10 Rate,Top 10s,AVG Survival Time,Longest Time Survived,Total Heals,Total Boosts,Team Kills,Suicides,Revives,AVG Damage Per Match,Most Kills In Match,Assists,KDA,Headshots,Headshot Kill Ratio,Longest Kill,Road Kills,Best Kill Streak,DBNO
Karn,2815,1,61.50%,131,2,10.17,834,5,213,32,6.92 km,1473.06 km,2.21 km,4.70 km,1192,30,106008,90.61%,193,26m,35m,966,635,2,1,85,497.69,14,369,14.67,166,19.90%,719 m,11,4,656,
LosHD,2803,2,59.32%,156,3,9.51,1018,14,263,37,6.71 km,1764.98 km,2.06 km,4.65 km,1322,51,138130,88.97%,234,26m,35m,678,861,1,0,91,525.21,12,492,14.11,221,21.71%,638 m,6,5,782,
PhenomenalX,2815,3,55.43%,301,11,7.15,1731,3,543,39,7.36 km,3998.06 km,2.16 km,5.20 km,2819,79,224780,92.27%,501,27m,36m,1627,2345,0,0,199,413.96,12,879,10.79,262,15.14%,592 m,11,4,1329,
jambawe,2794,4,70.69%,123,4,12.88,657,12,174,23,8.06 km,1403.29 km,2.37 km,5.69 km,1039,23,87606,97.13%,169,28m,33m,509,592,3,1,70,503.48,11,351,19.76,112,17.05%,575 m,4,4,490,
Henrikisbest,2794,5,68.13%,171,7,11.80,944,7,251,29,8.12 km,2038.87 km,1.99 km,6.13 km,1244,53,130845,96.41%,242,28m,35m,863,935,2,0,92,521.29,11,431,17.19,170,18.01%,582 m,11,5,746,
Stab,2792,6,70.52%,122,1,10.49,535,31,173,30,7.96 km,1377.26 km,2.06 km,5.90 km,805,22,71974,94.22%,163,28m,35m,651,709,1,0,82,416.03,12,321,16.78,93,17.38%,624 m,5,4,412,
melloncs,2791,7,67.59%,98,8,12.15,571,10,145,19,7.67 km,1112.18 km,2.36 km,5.31 km,828,31,74837,96.55%,140,27m,35m,640,545,3,1,40,516.12,12,328,19.13,111,19.44%,624 m,7,3,451,
SnoopykX,2788,8,50.22%,226,9,7.17,1606,13,450,38,6.98 km,3138.76 km,2.20 km,4.78 km,2126,17,188303,83.78%,377,25m,36m,1559,1795,3,0,133,418.45,14,651,10.08,341,21.23%,547 m,5,4,1193,
Storsnorre,2783,9,65.08%,123,6,8.94,590,15,189,24,7.88 km,1489.98 km,1.89 km,5.99 km,866,32,89237,95.24%,180,27m,34m,649,606,2,0,39,472.16,12,313,13.68,88,14.92%,656 m,6,3,460,
iSavage,2780,10,74.18%,158,5,14.73,810,18,213,28,8.36 km,1779.99 km,1.87 km,6.49 km,1107,27,110188,97.18%,207,29m,35m,709,764,2,0,72,517.32,10,435,22.64,116,14.32%,614 m,6,4,625,
KingJonesGaming,2763,11,69.84%,176,10,9.87,750,45,252,28,12.62 km,3180.52 km,5.12 km,7.50 km,1305,44,103269,96.83%,244,28m,35m,760,760,1,0,116,409.80,13,417,15.36,162,21.60%,568 m,14,4,597,
rolezeh,2773,12,54.57%,173,12,7.85,1130,46,317,34,8.07 km,2558.68 km,2.06 km,6.02 km,1519,39,155069,94.95%,301,27m,33m,622,971,2,1,109,489.18,13,490,11.25,214,18.94%,678 m,11,4,929,
OuTLaWx-,2724,13,49.13%,85,14,6.47,569,20,173,30,6.73 km,1164.55 km,2.11 km,4.63 km,670,15,80559,84.39%,146,25m,33m,559,507,4,1,61,465.66,14,274,9.58,113,19.86%,448 m,1,5,454,
Ztarz,2715,14,55.04%,153,13,6.19,774,36,278,33,7.12 km,1979.49 km,1.94 km,5.18 km,1294,35,113673,93.17%,259,26m,36m,876,690,0,0,90,408.89,13,412,9.49,125,16.15%,592 m,2,4,656,
Haxete,2718,15,63.58%,96,18,13.45,740,11,151,29,6.99 km,1055.14 km,2.24 km,4.75 km,660,22,102759,96.03%,145,27m,34m,559,512,1,1,61,680.52,16,309,19.07,131,17.70%,654 m,5,5,587,
Zer0ng,2706,16,51.73%,179,15,7.59,1268,27,346,32,9.51 km,3291.59 km,3.30 km,6.21 km,1760,44,163553,87.57%,303,27m,36m,1331,1259,1,1,186,472.70,16,456,10.32,174,13.72%,586 m,15,4,998,
t1mber,2697,17,69.49%,82,16,9.89,356,41,118,22,7.81 km,922.06 km,2.13 km,5.68 km,493,23,49019,93.22%,110,27m,36m,319,453,0,0,42,415.42,10,249,16.81,52,14.61%,498 m,2,4,269,
swalkerzje,2686,18,50.00%,151,19,5.75,869,28,302,36,8.66 km,2616.29 km,2.09 km,6.57 km,1487,56,120306,94.04%,284,27m,36m,855,1166,4,1,95,398.36,12,440,8.67,142,16.34%,611 m,6,4,690,
TD911,2705,19,56.76%,105,20,7.36,589,33,185,27,5.98 km,1106.91 km,1.90 km,4.08 km,985,23,82138,95.14%,176,27m,33m,504,521,0,0,48,443.99,12,344,11.66,100,16.98%,573 m,1,4,454,
hamster,2691,20,59.28%,99,23,8.41,572,19,167,23,8.21 km,1371.77 km,2.11 km,6.11 km,788,21,75388,92.22%,154,28m,36m,412,489,0,0,42,451.42,13,265,12.31,114,19.93%,657 m,2,4,421,
Gurrss,2673,21,56.15%,137,21,7.22,773,37,244,38,8.49 km,2072.76 km,2.29 km,6.20 km,1404,29,108704,92.21%,225,27m,36m,1351,782,3,1,158,445.51,10,400,10.96,154,19.92%,595 m,9,3,609,
Slain,2673,21,56.15%,137,21,7.22,773,37,244,38,8.49 km,2072.76 km,2.29 km,6.20 km,1404,29,108704,92.21%,225,27m,36m,1351,782,3,1,158,445.51,10,400,10.96,154,19.92%,595 m,9,3,609,
HalloSenpai,2673,21,56.15%,137,21,7.22,773,37,244,38,8.49 km,2072.76 km,2.29 km,6.20 km,1404,29,108704,92.21%,225,27m,36m,1351,782,3,1,158,445.51,10,400,10.96,154,19.92%,595 m,9,3,609,
yungSannie127,2673,21,56.15%,137,21,7.22,773,37,244,38,8.49 km,2072.76 km,2.29 km,6.20 km,1404,29,108704,92.21%,225,27m,36m,1351,782,3,1,158,445.51,10,400,10.96,154,19.92%,595 m,9,3,609,
LosHD,2803,2,59.32%,156,3,9.51,1018,14,263,37,6.71 km,1764.98 km,2.06 km,4.65 km,1322,51,138130,88.97%,234,26m,35m,678,861,1,0,91,525.21,12,492,14.11,221,21.71%,638 m,6,5,782,
R3s1d3nT,2028,9430,19.51%,8,18706,4.97,164,750,41,9,4.25 km,174.13 km,1.97 km,2.27 km,163,4,18681,43.90%,18,17m,35m,58,104,3,1,11,455.63,19,29,5.85,31,18.90%,337 m,0,4,136,
d1gge,2652,25,54.67%,117,26,6.22,603,78,214,20,8.19 km,1752.74 km,2.15 km,6.04 km,1089,35,85582,95.33%,204,27m,36m,814,679,2,0,79,399.92,10,301,9.32,120,19.90%,551 m,3,4,501,
GamesenseBE,2652,25,54.67%,117,26,6.22,603,78,214,20,8.19 km,1752.74 km,2.15 km,6.04 km,1089,35,85582,95.33%,204,27m,36m,814,679,2,0,79,399.92,10,301,9.32,120,19.90%,551 m,3,4,501,
Karn,2815,1,61.50%,131,2,10.17,834,5,213,32,6.92 km,1473.06 km,2.21 km,4.70 km,1192,30,106008,90.61%,193,26m,35m,966,635,2,1,85,497.69,14,369,14.67,166,19.90%,719 m,11,4,656,
Ezys,2634,27,55.73%,73,34,8.97,520,26,131,25,7.07 km,926.78 km,2.57 km,4.51 km,826,16,73292,93.13%,122,27m,36m,430,450,1,0,67,559.48,12,229,12.91,87,16.73%,522 m,6,4,435,
SkiDDo,2630,28,37.70%,69,31,4.67,532,54,183,31,5.98 km,1095.14 km,2.11 km,3.88 km,816,17,75398,79.23%,145,23m,34m,592,492,4,1,59,412.01,12,227,6.66,105,19.74%,542 m,7,6,472,
muytoguy,2626,29,46.85%,119,24,3.64,491,470,254,28,6.11 km,1552.43 km,2.10 km,4.01 km,1258,19,74774,77.56%,197,23m,36m,712,860,7,0,98,294.39,11,286,5.76,84,17.11%,509 m,2,3,432,
Pybas,2642,30,52.41%,98,32,6.02,536,53,187,27,6.40 km,1197.56 km,2.11 km,4.29 km,859,18,72386,85.56%,160,26m,33m,577,623,1,0,84,387.09,12,351,9.97,79,14.74%,586 m,1,3,388,
PaiShiro,2627,31,49.76%,102,33,6.05,623,39,205,31,7.85 km,1610.06 km,1.93 km,5.92 km,1072,18,73653,91.71%,188,27m,36m,617,598,3,2,101,359.28,9,281,8.78,117,18.78%,557 m,8,5,473,
Komendanovich,
red1236blue,2190,1102,28.95%,11,1390,6.11,165,1253,38,14,5.26 km,200.04 km,1.59 km,3.67 km,175,5,23779,76.32%,29,21m,32m,130,112,0,0,17,625.75,16,44,7.74,33,20.00%,493 m,0,3,144,
Raytem_,2648,32,41.85%,113,30,4.19,658,86,270,35,6.23 km,1682.81 km,1.96 km,4.27 km,1270,32,84975,79.63%,215,24m,36m,1026,795,4,2,70,314.72,10,298,6.09,125,19.00%,470 m,9,4,518,
BoJIWe6CTBo,1978,13652,14.63%,6,17352,2.46,86,11836,41,11,4.19 km,171.83 km,1.29 km,2.90 km,194,1,12695,51.22%,21,18m,36m,177,117,0,0,12,309.63,10,37,3.51,16,18.60%,412 m,1,4,73,
wltr,2620,33,52.71%,107,29,6.29,604,105,203,24,7.20 km,1461.44 km,2.02 km,5.18 km,983,20,94771,91.63%,186,27m,35m,745,560,1,0,88,466.85,13,387,10.32,107,17.72%,591 m,6,4,534,
piidde,1720,149564,33.33%,2,163365,9.50,38,125425,6,2,5.59 km,33.54 km,2.57 km,3.03 km,38,0,4910,83.33%,5,28m,32m,46,31,0,0,3,818.33,10,16,13.50,8,21.05%,221 m,0,2,29,
NICOL4Y4,2620,34,55.86%,143,28,5.67,641,216,256,26,6.87 km,1757.80 km,2.14 km,4.73 km,1391,36,84810,88.67%,227,27m,36m,841,907,0,0,117,331.29,10,393,9.15,135,21.06%,475 m,2,4,508,
JustinSane77,2636,35,45.20%,146,42,6.29,1114,16,323,36,8.21 km,2652.81 km,3.36 km,4.86 km,1614,31,148897,87.31%,282,26m,36m,1251,1063,0,0,95,460.98,13,491,9.07,181,16.25%,486 m,11,4,884,
POKAMOLODOY,2615,36,53.51%,122,45,8.41,891,6,228,33,6.25 km,1425.34 km,2.58 km,3.68 km,785,27,113923,85.09%,194,26m,35m,1023,835,0,0,127,499.66,13,461,12.75,158,17.73%,590 m,11,4,692,
Senseibjarne,2612,29,45.00%,153,28,5.28,987,45,340,34,7.10 km,2414.96 km,2.00 km,5.11 km,1491,43,134479,89.71%,305,26m,36m,1510,1228,2,1,143,395.53,12,490,7.90,151,15.30%,785 m,9,4,792,
Gaxyy,2626,37,47.69%,134,43,8.56,1258,23,281,33,6.18 km,1737.73 km,1.84 km,4.35 km,1337,47,147240,86.12%,242,23m,36m,1038,1050,6,0,91,523.99,18,366,11.05,221,17.57%,602 m,11,5,946,
Fee1G0od,1908,27878,12.24%,6,31088,2.14,92,34436,49,10,3.33 km,163.12 km,1.48 km,1.85 km,178,2,13340,34.69%,17,14m,31m,123,110,3,0,19,272.25,9,37,3.00,26,28.26%,333 m,1,3,74,
Bierbank,1200,2146700,0.00%,0,2231832,3.00,3,1564585,1,1,0.19 km,0.19 km,0.19 km,0.00 km,3,0,335,0.00%,0,5m,5m,0,0,0,0,0,334.76,3,0,3.00,1,33.33%,22 m,0,1,3,
ZirouHirou,2597,39,42.70%,79,44,4.72,500,42,185,25,6.42 km,1187.23 km,2.03 km,4.39 km,888,21,61315,82.16%,152,25m,36m,660,666,0,0,67,331.43,11,230,6.89,85,17.00%,425 m,2,4,385,
100001683QvQ,1375,864142,100.00%,1,825079,0.00,7,1075494,1,1,7.58 km,7.58 km,2.63 km,4.95 km,10,0,898,100.00%,1,31m,31m,1,6,0,0,1,897.90,7,1,0.00,1,14.29%,145 m,0,2,3,
f0sverd,2593,40,52.44%,86,36,5.65,441,118,164,23,6.26 km,1027.34 km,2.14 km,4.13 km,828,17,56191,90.85%,149,26m,33m,565,538,0,0,78,342.63,13,307,9.59,77,17.46%,616 m,1,3,323,
dannyZdog,2593,40,52.44%,86,36,5.65,441,118,164,23,6.26 km,1027.34 km,2.14 km,4.13 km,828,17,56191,90.85%,149,26m,33m,565,538,0,0,78,342.63,13,307,9.59,77,17.46%,616 m,1,3,323,
stack4an,2591,42,40.78%,104,40,4.22,637,96,255,33,6.44 km,1643.42 km,2.51 km,3.93 km,916,27,87466,83.92%,214,25m,36m,1197,714,3,0,109,343.00,12,323,6.36,111,17.43%,408 m,10,4,500,
Sin3d,1533,577523,0.00%,0,880831,1.95,172,27042,88,31,1.90 km,166.96 km,0.81 km,1.09 km,262,1,22512,13.64%,12,8m,31m,147,68,0,0,3,255.82,18,11,2.08,38,22.09%,315 m,1,4,165,
Pablitos,2584,43,37.38%,77,39,2.89,373,176,206,37,6.60 km,1359.37 km,2.04 km,4.55 km,1011,19,54263,88.83%,183,25m,34m,562,844,0,0,59,263.41,12,247,4.81,67,17.96%,401 m,2,8,311,
Mybri,2591,44,43.48%,130,38,3.50,592,245,299,37,6.71 km,2007.33 km,2.02 km,4.69 km,1351,35,89346,90.97%,272,25m,36m,1462,768,1,0,70,298.81,9,376,5.73,101,17.06%,480 m,6,4,486,
Cwardio,2591,44,43.48%,130,38,3.50,592,245,299,37,6.71 km,2007.33 km,2.02 km,4.69 km,1351,35,89346,90.97%,272,25m,36m,1462,768,1,0,70,298.81,9,376,5.73,101,17.06%,480 m,6,4,486,
2gap1h,2597,45,42.37%,100,47,4.58,623,64,236,29,6.96 km,1643.44 km,2.05 km,4.92 km,1030,21,82171,88.56%,209,26m,36m,935,863,5,2,75,348.18,10,296,6.76,102,16.37%,520 m,2,4,524,
KingKevinz,2012,8030,57.89%,11,6908,7.38,59,40528,19,9,7.61 km,144.59 km,1.90 km,5.71 km,90,2,8280,94.74%,18,26m,32m,84,67,0,0,13,435.79,8,31,11.25,8,13.56%,706 m,1,2,46,
Kemba7,2335,252,41.46%,17,267,4.08,98,511,41,8,27.73 km,1137.09 km,20.57 km,7.16 km,245,4,12950,87.80%,36,26m,32m,178,133,0,0,30,315.86,8,57,6.46,18,18.37%,420 m,0,3,70,
JLjke,2567,46,39.42%,54,41,3.76,312,342,137,20,6.47 km,885.81 km,1.90 km,4.57 km,606,15,48527,86.86%,119,26m,36m,533,368,1,0,51,354.21,10,179,5.92,53,16.99%,507 m,1,4,270,
Nbslol,2613,47,51.41%,128,50,6.55,792,58,249,30,6.09 km,1516.51 km,1.82 km,4.27 km,1301,37,106063,86.35%,215,25m,36m,882,834,2,0,117,425.95,12,429,10.09,136,17.17%,1154 m,10,5,621,
Blinnkk,2563,49,38.89%,56,56,6.30,554,32,144,23,5.90 km,849.97 km,1.93 km,3.97 km,804,19,70360,88.19%,127,25m,36m,502,549,3,2,68,488.61,15,228,8.89,69,12.45%,795 m,5,4,457,
Your1Death,2554,50,32.79%,81,54,3.69,613,61,247,33,5.54 km,1368.05 km,2.14 km,3.40 km,1164,14,77096,68.83%,170,21m,36m,730,545,1,0,82,312.13,12,211,4.96,118,19.25%,959 m,2,4,521,
Cyp1k,2554,50,32.79%,81,54,3.69,613,61,247,33,5.54 km,1368.05 km,2.14 km,3.40 km,1164,14,77096,68.83%,170,21m,36m,730,545,1,0,82,312.13,12,211,4.96,118,19.25%,959 m,2,4,521,
Votyakov,2554,52,40.09%,188,52,4.60,1292,131,469,38,8.18 km,3838.21 km,3.90 km,4.28 km,2068,40,170325,83.16%,390,24m,36m,1878,1375,6,4,129,363.17,12,570,6.63,183,14.16%,617 m,15,4,1019,
KomiaX,2555,53,37.25%,76,46,3.02,386,486,204,34,7.89 km,1609.86 km,1.92 km,5.97 km,947,10,54494,93.63%,191,27m,36m,505,373,2,1,58,267.13,9,167,4.32,55,14.25%,575 m,5,4,322,
CaTzeN,2343,266,38.39%,43,322,5.30,366,194,112,22,14.57 km,1631.93 km,7.41 km,7.16 km,554,12,48094,84.82%,95,24m,32m,304,311,0,0,44,429.41,14,148,7.45,57,15.57%,587 m,0,4,291,
RoryFPS,2224,1094,31.11%,14,1384,4.52,140,1203,45,9,5.81 km,261.57 km,1.65 km,4.17 km,224,0,19329,82.22%,37,23m,31m,86,71,1,0,21,429.53,9,57,6.35,25,17.86%,533 m,0,3,123,
TraktorXD,2558,54,27.80%,67,51,2.56,446,253,241,38,6.36 km,1533.84 km,2.28 km,4.08 km,1183,16,70129,86.31%,208,25m,34m,1045,638,3,3,72,290.99,9,217,3.81,81,18.16%,481 m,6,3,396,
fettjuv1,2547,51,41.21%,75,49,3.49,373,116,182,29,6.55 km,1192.50 km,2.12 km,4.43 km,838,21,47835,87.91%,160,26m,36m,786,623,1,1,94,262.83,9,202,5.37,70,18.77%,529 m,0,5,293,
Mellman,2560,55,34.41%,170,49,3.34,1083,636,494,35,6.65 km,3283.76 km,2.22 km,4.42 km,2295,45,150614,81.17%,401,24m,36m,2066,1579,7,1,140,304.89,12,571,5.10,211,19.48%,451 m,10,4,863,
The_Venom_Inside,1620,324108,33.33%,3,341632,4.83,29,279306,9,3,6.52 km,58.64 km,1.75 km,4.76 km,37,0,4173,55.56%,5,20m,30m,24,30,0,0,3,463.70,7,12,6.83,11,37.93%,271 m,0,3,28,
Stok89,2533,56,64.29%,54,82,18.07,542,8,84,12,6.68 km,561.54 km,2.93 km,3.76 km,329,5,66086,85.71%,72,26m,32m,183,208,1,1,27,786.74,15,118,22.00,162,29.89%,532 m,3,4,408,
Dreamykid,2532,57,59.14%,55,62,7.87,299,98,93,18,7.17 km,666.64 km,2.26 km,4.91 km,446,3,39770,92.47%,86,27m,34m,327,294,0,0,39,427.63,11,158,12.03,64,21.40%,750 m,4,4,230,
Jahonnes,1886,34418,35.71%,5,30332,3.78,34,96621,14,6,5.28 km,73.93 km,2.30 km,2.98 km,90,0,4407,50.00%,7,22m,33m,60,37,0,0,2,314.80,7,12,5.11,5,14.71%,138 m,0,3,23,
Nicexinzai__,
ozone-6,1434,780702,16.67%,1,841122,3.60,18,551892,6,1,3.40 km,20.39 km,1.06 km,2.34 km,18,0,2201,33.33%,2,15m,30m,9,6,0,0,1,366.86,9,1,3.80,3,16.67%,249 m,0,3,16,
Balrogx,2524,58,50.70%,36,63,5.74,201,151,71,22,6.02 km,427.34 km,2.07 km,3.95 km,299,4,23251,85.92%,61,27m,36m,113,223,2,1,24,327.49,13,108,8.83,41,20.40%,415 m,0,3,150,
magnejulkveld,2539,55,45.00%,90,54,4.20,462,309,200,31,7.23 km,1446.69 km,2.12 km,5.11 km,853,17,61595,82.50%,165,25m,36m,795,509,2,0,96,307.97,13,253,6.50,72,15.58%,431 m,13,4,365,
azoN,2521,59,32.34%,119,64,3.66,911,145,368,36,5.33 km,1962.33 km,1.86 km,3.48 km,1773,31,115517,69.29%,255,22m,34m,1540,1202,2,1,144,313.91,16,335,5.00,192,21.08%,449 m,5,4,743,
Envaiddd,1975,170112,7.89%,6,166978,0.87,61,219227,76,25,5.00 km,380.10 km,1.28 km,3.72 km,307,2,8373,55.26%,42,18m,33m,369,174,2,0,21,110.16,4,29,1.29,10,16.39%,209 m,1,3,55,
9u4ku_DpaKoHa,2515,60,38.89%,105,57,3.78,623,427,270,31,6.45 km,1741.04 km,2.85 km,3.60 km,1108,13,88308,77.78%,210,23m,36m,920,721,0,0,95,327.07,9,345,5.87,114,18.30%,628 m,5,4,512,
sanbingtt,
iLame_ru,2346,235,35.71%,80,325,6.24,899,62,224,28,6.93 km,1553.11 km,1.63 km,5.30 km,935,18,115436,63.84%,143,22m,35m,521,619,8,4,67,515.34,15,308,8.38,160,17.80%,466 m,12,4,717,
Kener,2541,61,53.95%,157,72,8.16,1093,75,291,36,6.17 km,1794.52 km,2.20 km,3.97 km,1159,30,138583,83.51%,243,24m,34m,941,848,6,3,116,476.23,14,514,11.99,233,21.32%,734 m,6,4,857,
DaromDobro,2512,62,30.42%,115,58,2.46,648,519,378,35,5.87 km,2219.12 km,2.14 km,3.73 km,1419,16,87211,72.75%,275,22m,36m,1346,1029,8,4,157,230.72,11,334,3.73,157,24.23%,505 m,5,4,497,
YXX_ZSZT,1594,329987,20.00%,1,416991,18.50,74,99448,5,2,4.19 km,20.95 km,2.60 km,1.59 km,37,0,8092,80.00%,4,26m,31m,23,16,0,0,2,1618.35,24,4,19.50,11,14.86%,327 m,0,4,69,
Wany_,2516,63,32.18%,65,60,2.85,391,323,202,36,6.06 km,1224.19 km,1.96 km,4.10 km,1121,25,54871,87.62%,177,24m,34m,579,581,0,0,66,271.64,9,199,4.31,78,19.95%,631 m,1,3,329,
IMercenaryI,2528,64,33.67%,66,65,2.86,372,191,196,33,5.75 km,1127.58 km,1.65 km,4.10 km,934,6,52867,70.41%,138,23m,33m,608,540,0,0,77,269.73,11,224,4.58,60,16.13%,642 m,5,3,309,
kolder,2511,65,29.33%,61,66,2.94,432,206,208,29,8.78 km,1827.21 km,5.20 km,3.58 km,954,9,58161,68.75%,143,22m,34m,862,599,1,0,104,279.62,11,200,4.30,85,19.68%,470 m,3,3,354,
Awien,2510,66,56.06%,37,71,8.69,252,94,66,11,7.91 km,522.34 km,2.26 km,5.65 km,366,6,32026,95.45%,63,28m,32m,209,229,1,0,22,485.24,12,102,12.21,47,18.65%,435 m,0,4,205,
DumboCZ,2512,67,39.32%,46,59,3.68,261,451,117,27,7.54 km,882.13 km,2.00 km,5.54 km,425,8,42243,90.60%,106,26m,36m,304,239,0,0,45,361.05,9,140,5.65,49,18.77%,605 m,4,4,225,
TheLight,2512,68,44.32%,39,77,6.20,304,55,88,14,7.14 km,628.27 km,2.55 km,4.59 km,466,6,35929,81.82%,72,26m,33m,312,197,0,0,52,408.29,12,142,9.10,58,19.08%,449 m,1,4,233,
Tokyto,2509,69,36.71%,76,55,2.09,274,2085,207,36,6.90 km,1428.73 km,1.89 km,5.01 km,984,14,46053,92.27%,191,26m,36m,682,487,3,2,58,222.48,9,206,3.66,53,19.34%,396 m,3,4,223,
Imunnity,2536,70,23.85%,104,69,2.77,918,127,436,36,5.58 km,2431.41 km,2.00 km,3.58 km,1927,34,116383,66.74%,291,21m,34m,1304,1153,2,0,151,266.93,11,400,3.97,156,16.99%,612 m,7,4,780,
IamPhil,2231,666,38.16%,29,595,3.91,184,5985,76,15,6.21 km,471.87 km,1.73 km,4.48 km,334,13,23076,88.16%,67,24m,32m,243,192,0,0,14,303.63,9,86,5.74,24,13.04%,532 m,0,3,130,
CloudTail,2505,71,45.45%,55,61,3.95,261,508,121,19,6.87 km,831.67 km,2.01 km,4.86 km,562,4,36744,88.43%,107,26m,35m,377,389,2,1,45,303.67,11,153,6.27,56,21.46%,413 m,1,3,215,
KaiReikiaPadarau,2263,527,40.54%,15,526,4.50,99,2039,37,9,5.94 km,219.60 km,1.87 km,4.07 km,167,8,11821,94.59%,35,24m,32m,123,104,0,0,12,319.49,10,34,6.05,12,12.12%,462 m,3,3,67,
DragoGo,2125,3164,33.33%,18,3194,3.81,137,10849,54,14,13.90 km,750.67 km,9.77 km,4.13 km,239,4,18249,77.78%,42,23m,32m,186,137,1,1,20,337.94,9,47,5.11,27,19.71%,437 m,2,3,113,
roadtodeath,2508,72,34.88%,60,70,3.35,375,149,172,25,6.40 km,1100.53 km,1.99 km,4.41 km,901,8,53438,65.12%,112,21m,36m,466,473,4,1,51,310.69,10,175,4.91,74,19.73%,406 m,5,4,336,
DONGDONG_JU,3137,1,58.08%,248,1,8.17,1463,44,427,34,8.10 km,3456.67 km,2.19 km,5.90 km,2321,94,174974,95.32%,407,27m,36m,994,1622,3,0,142,409.78,13,644,11.77,235,16.06%,556 m,25,5,1073,
FZ-Qqun259999250,
douyu756119xijie,3120,2,72.02%,175,8,71.87,4887,1,243,21,6.14 km,1491.74 km,2.94 km,3.20 km,1604,99,525219,83.95%,204,24m,32m,261,406,4,3,56,2161.39,46,171,74.38,1723,35.26%,995 m,16,11,3715,
SimSn,3122,3,57.79%,293,2,6.99,1496,115,507,37,10.20 km,5172.33 km,4.58 km,5.62 km,2320,41,195622,92.11%,467,27m,36m,1096,1306,4,2,89,385.84,13,816,10.80,246,16.44%,543 m,19,8,1139,
alohayo,3113,4,55.48%,314,4,6.89,1736,199,566,38,9.12 km,5163.81 km,2.74 km,6.38 km,2638,72,227233,91.87%,520,27m,36m,1276,2199,4,2,150,401.47,20,817,10.13,264,15.21%,617 m,21,4,1340,
behindattack,3101,5,63.45%,217,3,8.50,1063,231,342,37,7.86 km,2687.14 km,2.14 km,5.71 km,1657,37,127848,92.11%,315,27m,36m,718,1213,2,0,124,373.83,11,560,12.98,146,13.73%,402 m,11,4,750,
Qurate,3101,6,60.80%,197,5,8.24,1046,117,324,30,8.19 km,2652.92 km,2.59 km,5.60 km,1942,58,137384,92.90%,301,26m,36m,1122,1102,3,1,128,424.03,15,531,12.42,195,18.64%,554 m,7,4,780,
Rain1ng,3078,7,69.40%,161,7,11.76,835,93,232,22,8.60 km,1995.39 km,2.41 km,6.19 km,984,44,104938,95.69%,222,27m,36m,784,962,5,1,74,452.32,13,393,17.30,106,12.69%,601 m,12,4,601,
Gqun-237434045,
SAD0,3085,8,63.21%,177,6,8.50,876,535,280,23,8.23 km,2303.49 km,2.44 km,5.79 km,1543,46,117025,95.00%,266,27m,36m,844,1025,1,1,86,417.95,12,394,12.33,157,17.92%,534 m,11,4,677,
Maesaengi,3069,9,51.26%,245,9,6.71,1564,114,478,39,8.06 km,3852.98 km,2.36 km,5.70 km,2617,55,216223,94.77%,453,26m,36m,2119,1891,9,5,205,452.35,17,700,9.72,273,17.46%,907 m,21,6,1283,
BreakNeck,3061,10,58.82%,180,11,8.53,1075,109,306,31,8.26 km,2528.88 km,2.28 km,5.98 km,1608,41,140323,94.12%,288,26m,36m,1013,886,0,0,95,458.57,14,535,12.78,172,16.00%,853 m,15,4,796,
ruliweb_com,3060,11,54.04%,214,12,7.10,1292,215,396,34,7.81 km,3091.55 km,2.23 km,5.58 km,2589,50,166885,91.16%,361,26m,36m,1462,971,4,1,144,421.43,16,561,10.18,209,16.18%,809 m,16,5,990,
Xerape,3057,12,56.66%,200,10,5.61,859,946,353,34,8.55 km,3018.01 km,2.62 km,5.93 km,1913,22,124311,91.78%,324,26m,36m,1024,962,2,1,128,352.16,11,504,8.91,140,16.30%,476 m,10,5,681,
wg-YY61135156,1341,5974228,100.00%,1,6134521,0.00,14,5005004,1,1,8.54 km,8.54 km,2.94 km,5.60 km,2,0,1403,100.00%,1,29m,29m,1,3,0,0,2,1402.58,14,0,0.00,7,50.00%,329 m,0,3,8,
PanDa_491451,1989,1367937,0.00%,0,2086515,3.51,179,30323,51,3,2.67 km,135.99 km,1.25 km,1.41 km,212,1,19591,21.57%,11,12m,31m,34,58,0,0,7,384.13,13,18,3.86,37,20.67%,176 m,14,5,160,
TowerPalace,3035,13,49.47%,188,16,5.93,1138,179,380,37,9.17 km,3485.07 km,3.61 km,5.57 km,1976,65,150635,91.58%,348,26m,36m,1311,1168,4,1,126,396.41,13,514,8.60,200,17.57%,488 m,22,4,915,
Kooooko,3036,14,52.69%,98,28,16.24,1429,6,186,14,4.52 km,841.31 km,1.86 km,2.66 km,976,48,179261,74.73%,139,23m,35m,394,533,8,2,73,963.77,27,189,18.39,874,61.16%,963 m,6,6,1320,
mercedes_benz,3036,15,60.53%,161,21,9.65,1013,62,266,32,8.17 km,2173.41 km,2.16 km,6.01 km,1188,46,134013,94.74%,252,27m,33m,846,831,2,2,68,503.81,13,423,13.68,175,17.28%,477 m,24,5,822,
Menteul,3032,16,60.00%,144,17,8.73,838,189,240,27,8.41 km,2018.28 km,2.21 km,6.20 km,1140,38,108263,91.67%,220,27m,36m,948,659,4,2,114,451.09,14,394,12.83,139,16.59%,548 m,13,5,650,
douyuTV356342,
WOYANG22,3037,17,72.17%,153,36,69.63,4108,4,212,14,6.10 km,1294.21 km,2.68 km,3.43 km,1130,10,409002,83.49%,177,23m,31m,180,692,6,1,28,1929.25,48,128,71.80,980,23.86%,997 m,9,10,2949,
BBABBO,3027,18,43.61%,232,18,5.10,1530,153,532,37,7.39 km,3930.11 km,2.18 km,5.21 km,2529,56,206475,88.91%,473,25m,36m,1784,2251,4,3,172,388.11,15,686,7.39,284,18.56%,739 m,19,4,1225,
invinciblelee,3036,19,50.77%,232,13,5.75,1294,895,457,30,7.41 km,3387.52 km,2.25 km,5.16 km,2717,63,162122,92.78%,424,26m,36m,1458,1799,2,1,148,354.75,14,584,8.35,200,15.46%,802 m,19,5,972,
Blackwalk,3021,20,52.83%,140,23,7.40,925,76,265,30,8.88 km,2354.39 km,2.34 km,6.54 km,1424,43,121877,93.96%,249,27m,33m,843,803,5,2,91,459.91,14,449,10.99,160,17.30%,518 m,10,4,741,
nnuLOL,3017,21,49.86%,173,19,6.21,1080,301,347,34,7.76 km,2692.57 km,2.32 km,5.44 km,1880,57,144820,91.35%,317,26m,36m,1172,1101,1,0,105,417.35,15,472,8.92,219,20.28%,567 m,7,6,850,
IlIIllIl91,3016,22,71.57%,73,41,82.59,2395,11,102,5,5.24 km,534.61 km,2.34 km,2.90 km,631,0,249914,86.27%,88,25m,32m,60,175,5,2,15,2450.14,46,52,84.38,716,29.90%,998 m,6,12,1755,
AttackDie,3026,23,44.73%,229,15,4.38,1239,1594,512,39,7.03 km,3599.03 km,2.14 km,4.89 km,2519,82,183172,91.80%,470,27m,36m,1439,1510,1,1,180,357.76,10,717,6.91,182,14.69%,549 m,10,4,946,
HummingMON,3020,24,42.74%,162,22,4.76,1032,460,379,33,6.86 km,2599.56 km,2.01 km,4.85 km,2048,41,140240,88.92%,337,26m,36m,987,835,2,1,88,370.03,13,388,6.54,182,17.64%,629 m,4,4,792,
MingG1,3008,25,44.03%,155,14,3.74,737,1723,352,36,7.11 km,2501.16 km,2.11 km,4.99 km,2188,39,109953,90.06%,317,26m,36m,1029,1041,2,1,96,312.37,11,447,6.01,138,18.72%,705 m,4,4,617,
AHappyTeddyBears,2774,1666,38.03%,27,2256,7.70,339,1538,71,14,4.66 km,330.94 km,2.22 km,2.44 km,329,5,41013,67.61%,48,21m,33m,191,244,0,0,34,577.64,16,102,10.02,66,19.47%,334 m,1,4,264,
lunatic-hi,3004,26,50.44%,172,24,5.94,1004,330,341,26,6.87 km,2343.74 km,2.40 km,4.48 km,1704,33,131716,87.98%,300,25m,32m,1072,1276,3,1,85,386.26,12,425,8.46,213,21.22%,477 m,15,5,794,
Temeria,3019,27,42.88%,220,20,3.46,1013,1149,513,38,7.75 km,3976.71 km,2.02 km,5.73 km,3119,74,147687,92.01%,472,27m,36m,1803,1680,2,1,164,287.89,10,601,5.51,164,16.19%,553 m,6,5,808,
you_are_lucky,3002,28,55.32%,104,53,15.50,1302,7,188,12,7.82 km,1471.00 km,2.40 km,5.42 km,1170,22,148229,87.23%,164,27m,34m,477,672,4,1,132,788.45,23,198,17.86,234,17.97%,449 m,14,5,1052,
Awer,2164,527568,73.33%,11,537774,16.25,65,665377,15,3,8.43 km,126.50 km,2.34 km,6.09 km,84,4,7135,93.33%,14,28m,31m,53,38,0,0,8,475.65,11,25,22.50,13,20.00%,234 m,1,3,47,
juwon-_-,2994,29,52.41%,87,27,6.38,504,564,166,18,7.91 km,1312.69 km,1.98 km,5.93 km,839,25,68540,93.37%,155,26m,36m,476,563,2,1,36,412.89,10,257,9.63,90,17.86%,606 m,11,4,402,
Curious_ow,2993,30,56.25%,90,26,6.46,452,748,160,20,7.84 km,1253.82 km,2.41 km,5.43 km,769,29,62383,96.88%,155,27m,36m,613,628,2,1,71,389.89,10,287,10.56,70,15.49%,631 m,7,3,355,
qun_651174876,1507,4730491,33.33%,1,4978503,16.00,32,3412425,3,2,5.66 km,16.98 km,5.55 km,0.11 km,26,0,2934,100.00%,3,20m,31m,7,9,0,0,0,977.86,21,2,17.00,20,62.50%,449 m,0,5,22,
seongjang,2894,342,40.77%,53,348,5.49,423,2806,130,19,6.34 km,823.71 km,1.89 km,4.45 km,764,16,59139,83.85%,109,25m,34m,377,542,0,0,33,454.91,15,140,7.31,86,20.33%,520 m,6,3,374,
6G-Qqun188655572,1327,6092106,100.00%,1,6232183,0.00,31,5205045,1,1,6.38 km,6.38 km,2.96 km,3.42 km,6,0,3308,100.00%,1,24m,24m,1,1,0,0,0,3308.25,31,0,0.00,6,19.35%,885 m,0,5,22,
113545681_qun,1514,4684605,100.00%,2,4894854,0.00,34,3557060,2,2,9.09 km,18.18 km,2.64 km,6.44 km,15,0,3599,100.00%,2,29m,30m,5,7,0,0,1,1799.46,25,2,0.00,11,32.35%,395 m,0,3,27,
aaaasd2211,1921,1763486,63.64%,7,1968316,52.75,211,1050755,11,2,5.04 km,55.40 km,4.54 km,0.50 km,75,0,19667,81.82%,9,21m,33m,31,31,0,0,8,1787.88,46,3,53.50,158,74.88%,975 m,0,9,151,
bigthree,2993,31,56.04%,153,31,6.78,813,671,273,24,8.80 km,2401.86 km,2.35 km,6.44 km,1216,34,115610,91.94%,251,26m,33m,664,968,3,2,79,423.48,13,388,10.01,115,14.15%,558 m,6,4,664,
QQ_qun-661255842,
Bumkey,2989,32,48.42%,214,29,4.29,977,968,442,39,7.76 km,3430.65 km,1.81 km,5.96 km,2769,34,139159,92.53%,409,27m,36m,1174,1212,2,2,135,314.84,9,574,6.80,169,17.30%,767 m,12,4,804,
G_Qun7427776,
SEO-YONG-JU,2993,33,50.48%,106,33,5.42,564,617,210,31,8.48 km,1780.97 km,2.45 km,6.03 km,1242,19,73351,93.81%,197,27m,36m,544,613,0,0,49,349.29,13,277,8.09,121,21.45%,625 m,7,4,450,
U_TuBaBa,2985,34,29.00%,67,79,12.02,1972,9,231,21,5.14 km,1186.98 km,3.03 km,2.11 km,1355,8,214331,54.98%,127,20m,36m,390,747,3,3,38,927.84,48,79,12.51,1323,67.09%,973 m,10,19,1524,
CAUarchi,2984,35,61.59%,101,25,6.08,383,1505,164,20,8.73 km,1431.02 km,2.25 km,6.48 km,825,24,56847,97.56%,160,27m,33m,446,512,2,0,34,346.63,9,208,9.38,76,19.84%,518 m,1,3,288,
HymanL,2985,36,36.79%,103,55,6.41,1135,50,280,16,4.89 km,1370.03 km,2.26 km,2.64 km,1231,6,142262,78.57%,220,23m,36m,682,907,2,0,151,508.08,13,300,8.11,343,30.22%,650 m,1,4,976,
edg-qun10553081,1423,5340989,66.67%,2,5585438,25.00,25,3998827,3,2,5.42 km,16.26 km,2.21 km,3.21 km,11,0,2463,66.67%,2,21m,31m,11,12,0,0,1,821.07,15,3,28.00,9,36.00%,376 m,0,3,17,
coldoxygen,2989,37,53.62%,163,43,7.33,1034,265,304,34,10.21 km,3102.62 km,3.96 km,6.25 km,1231,47,135112,90.46%,275,26m,33m,951,1264,5,3,67,444.45,15,429,10.38,186,17.99%,630 m,15,4,818,
qun414576670qun,2981,38,59.64%,99,107,27.60,1849,2,166,15,5.04 km,836.52 km,2.72 km,2.32 km,864,1,207661,83.73%,139,25m,33m,264,536,6,0,67,1250.97,37,114,29.30,586,31.69%,975 m,5,9,1471,
Backroom,2988,39,65.15%,157,35,9.81,824,903,241,20,7.59 km,1829.16 km,2.34 km,5.25 km,1367,50,102047,95.85%,231,27m,36m,758,1119,3,1,69,423.43,14,324,13.67,131,15.90%,507 m,12,4,620,
Rak_n_Roll,2985,40,55.71%,117,37,5.73,533,747,210,28,8.42 km,1767.20 km,2.00 km,6.41 km,1074,33,64885,90.48%,190,27m,36m,459,582,0,0,69,308.97,10,268,8.61,72,13.51%,418 m,9,4,377,
KingSIZEd_b,2991,41,49.28%,137,38,5.49,774,607,278,24,8.01 km,2226.57 km,2.19 km,5.82 km,1364,40,101384,88.85%,247,27m,33m,898,927,7,3,137,364.69,16,377,8.16,121,15.63%,874 m,9,4,572,
PadaK_Twitch,2976,42,50.29%,172,30,4.54,771,1752,342,30,7.96 km,2722.50 km,2.25 km,5.71 km,1781,31,101320,91.81%,314,27m,36m,1060,1051,1,0,103,296.26,10,417,6.99,126,16.34%,487 m,7,4,620,
ssat_da,2981,43,46.36%,140,54,7.23,1172,105,302,31,6.33 km,1912.96 km,2.16 km,4.18 km,1460,27,155934,82.78%,250,24m,33m,988,841,2,2,61,516.34,17,406,9.74,219,18.69%,447 m,17,4,990,
nevermore11,2411,44341,23.53%,12,107192,9.10,355,2647,51,9,3.86 km,196.61 km,1.90 km,1.96 km,198,1,43019,50.98%,26,19m,33m,136,109,2,0,20,843.51,27,11,9.38,155,43.66%,957 m,0,5,353,
KoreaNo1,2975,44,48.94%,138,45,4.79,690,645,282,26,6.65 km,1874.63 km,1.76 km,4.88 km,1500,43,89647,89.01%,251,25m,36m,676,687,0,0,65,317.90,12,324,7.04,110,15.94%,963 m,21,4,561,
chicchicpokpok,2978,45,52.59%,122,48,6.63,729,314,232,27,8.10 km,1878.42 km,2.29 km,5.80 km,1588,35,96505,93.53%,217,27m,33m,761,861,1,0,80,415.97,14,347,9.78,131,17.97%,544 m,5,4,587,
tondeid,2973,47,51.49%,104,42,6.16,604,888,202,31,7.40 km,1495.45 km,2.25 km,5.15 km,988,21,73906,91.09%,184,25m,34m,761,596,1,0,60,365.87,12,268,8.90,97,16.06%,525 m,5,4,442,
KEvin01ss,2985,48,53.19%,50,81,34.32,1510,40,94,5,3.97 km,373.51 km,2.25 km,1.72 km,401,0,163045,78.72%,74,22m,32m,169,122,3,1,7,1734.52,47,25,34.89,804,53.25%,1011 m,3,29,1226,
HY-xiaogenban,2263,205048,53.33%,8,276858,23.86,167,87886,15,2,4.87 km,73.10 km,2.05 km,2.83 km,86,1,18665,73.33%,11,23m,32m,41,45,2,0,9,1244.32,23,12,25.57,93,55.69%,678 m,0,4,146,
sinamori,2971,49,52.38%,88,47,5.49,439,711,168,28,8.08 km,1356.77 km,2.06 km,6.02 km,1032,24,58803,95.24%,160,27m,36m,508,605,1,0,61,350.02,8,247,8.58,64,14.58%,603 m,10,4,339,
pinE-,2971,50,53.77%,107,52,7.35,676,260,199,24,6.96 km,1385.23 km,2.08 km,4.88 km,997,33,87474,89.45%,178,26m,33m,586,874,1,0,87,439.57,14,355,11.21,105,15.53%,649 m,3,4,530,
Ducky0413,2986,51,32.62%,212,50,3.54,1551,391,650,38,6.50 km,4227.25 km,1.99 km,4.51 km,3434,97,213369,87.85%,571,25m,36m,1783,2231,11,6,224,328.26,15,631,4.98,227,14.64%,781 m,6,4,1235,
twitchtvITBANK11,2978,52,58.20%,110,39,6.86,542,1468,189,15,7.85 km,1483.53 km,2.11 km,5.73 km,913,16,70492,96.30%,182,28m,34m,642,805,2,0,38,372.97,10,264,10.20,76,14.02%,481 m,6,3,402,
AlanSchezar,2976,53,39.09%,138,49,4.30,925,821,353,38,7.54 km,2660.68 km,2.05 km,5.49 km,1681,44,128440,83.57%,295,25m,35m,1170,1271,3,2,87,363.85,13,365,6.00,158,17.08%,686 m,9,4,793,
Yea_ho_hyun,2965,54,39.41%,80,147,24.15,2971,5,203,11,4.31 km,875.92 km,2.12 km,2.20 km,725,7,318279,62.07%,126,18m,34m,250,357,2,1,50,1567.88,46,79,24.80,1360,45.78%,1000 m,15,9,2348,
Always-2009,2601,3942,24.14%,14,6665,12.09,532,1341,58,13,4.36 km,253.15 km,2.90 km,1.46 km,226,0,60231,51.72%,30,17m,33m,79,124,0,0,20,1038.47,33,17,12.48,397,74.62%,606 m,0,5,449,
krh1995,2967,55,37.32%,184,40,2.79,861,1450,493,38,7.16 km,3531.88 km,2.10 km,5.07 km,2433,57,123360,89.45%,441,25m,36m,1620,1457,2,1,186,250.22,10,517,4.46,133,15.45%,770 m,5,3,679,
Koreabox,2973,56,43.90%,108,64,5.41,747,307,246,35,7.78 km,1913.34 km,2.27 km,5.51 km,1133,17,100264,89.43%,220,25m,33m,1132,859,2,0,61,407.58,11,268,7.36,124,16.60%,500 m,5,4,604,
Somaz_ez,2963,57,48.09%,113,62,6.19,755,424,235,30,8.24 km,1936.31 km,2.50 km,5.74 km,1219,29,98733,91.06%,214,26m,32m,686,848,1,0,82,420.14,12,363,9.16,123,16.29%,571 m,6,6,589,
BurouuA,2962,58,54.78%,63,119,27.87,1449,19,115,10,5.63 km,647.65 km,2.29 km,3.34 km,644,20,160815,74.78%,86,23m,34m,212,445,2,1,49,1398.39,37,71,29.23,443,30.57%,953 m,18,9,1193,
KIMSEONGWAN,2962,59,37.62%,114,57,4.51,852,531,303,31,6.80 km,2060.76 km,2.10 km,4.70 km,1765,27,120305,86.80%,263,25m,36m,694,913,0,0,118,397.05,13,361,6.42,193,22.65%,634 m,7,4,720,
F0oKYOU,2961,60,70.11%,61,97,54.54,1418,68,87,6,5.94 km,516.73 km,2.39 km,3.55 km,450,21,164254,83.91%,73,22m,31m,143,197,7,1,24,1887.98,45,71,57.27,395,27.86%,1040 m,3,8,1164,
Choboza,2965,61,46.22%,110,72,5.21,667,259,238,31,7.01 km,1667.22 km,2.02 km,4.99 km,1088,20,89163,78.99%,188,25m,36m,513,693,2,1,82,374.63,10,296,7.52,115,17.24%,660 m,6,4,509,
DOYOUKNOWTAIWAN,2779,1035,24.52%,38,1379,4.09,478,980,155,18,6.73 km,1043.13 km,1.98 km,4.75 km,698,9,69248,72.26%,112,24m,36m,467,346,5,2,66,446.76,13,88,4.84,64,13.39%,425 m,6,4,469,
Tiroa,2958,62,32.13%,89,44,2.74,516,1973,277,31,7.29 km,2018.63 km,2.42 km,4.86 km,1593,32,79227,89.53%,248,26m,33m,737,783,5,1,91,286.02,11,291,4.29,85,16.47%,532 m,2,4,427,
Ddukbeagihunter,2966,63,35.30%,227,90,4.68,1945,127,643,37,6.15 km,3953.78 km,2.08 km,4.07 km,2988,75,264304,85.07%,547,23m,36m,1771,2194,3,1,235,411.05,24,843,6.70,341,17.53%,488 m,12,5,1584,
LeeJinTen,2966,64,39.34%,131,66,3.53,713,738,333,36,7.41 km,2469.08 km,1.86 km,5.56 km,1545,32,94579,88.29%,294,26m,36m,807,937,2,1,109,284.02,10,349,5.26,92,12.90%,444 m,6,5,560,
YUBEEEN,2961,65,47.71%,73,63,5.05,404,890,153,21,8.07 km,1234.48 km,2.40 km,5.67 km,790,32,57009,92.81%,142,26m,36m,474,384,1,0,40,372.61,16,193,7.46,63,15.59%,480 m,9,3,328,
Eorlt,2954,66,38.54%,148,70,3.89,919,565,384,32,6.92 km,2655.65 km,2.26 km,4.65 km,1765,41,133007,83.33%,320,24m,33m,1318,1147,3,2,122,346.37,10,399,5.58,155,16.87%,722 m,11,4,737,
TTUKBAEGI_1,2953,67,42.96%,177,80,5.25,1233,392,412,37,7.14 km,2942.89 km,2.26 km,4.89 km,2023,36,166302,86.89%,358,25m,36m,801,905,4,0,140,403.65,14,471,7.25,231,18.73%,509 m,21,4,1006,
WG_qun585333003,2953,67,42.96%,177,80,5.25,1233,392,412,37,7.14 km,2942.89 km,2.26 km,4.89 km,2023,36,166302,86.89%,358,25m,36m,801,905,4,0,140,403.65,14,471,7.25,231,18.73%,509 m,21,4,1006,
daengchae,2952,68,51.87%,111,56,5.24,540,1174,214,27,8.01 km,1713.85 km,2.03 km,5.98 km,966,22,78075,92.52%,198,27m,36m,572,481,1,0,67,364.84,12,307,8.22,84,15.56%,448 m,9,5,428,
GochuBong,2963,69,48.47%,127,71,5.02,678,758,262,24,7.61 km,1993.82 km,2.23 km,5.38 km,1155,45,96497,87.79%,230,26m,35m,778,1194,2,2,94,368.31,13,353,7.64,110,16.22%,488 m,8,4,558,
YounghoPark,2952,70,49.52%,103,78,5.76,605,515,208,27,7.87 km,1637.12 km,2.16 km,5.71 km,1102,21,86008,93.27%,194,26m,36m,496,562,0,0,60,413.50,14,336,8.96,114,18.84%,785 m,7,3,468,
SIHUN,2952,70,49.52%,103,78,5.76,605,515,208,27,7.87 km,1637.12 km,2.16 km,5.71 km,1102,21,86008,93.27%,194,26m,36m,496,562,0,0,60,413.50,14,336,8.96,114,18.84%,785 m,7,3,468,
Pull7,2952,70,49.52%,103,78,5.76,605,515,208,27,7.87 km,1637.12 km,2.16 km,5.71 km,1102,21,86008,93.27%,194,26m,36m,496,562,0,0,60,413.50,14,336,8.96,114,18.84%,785 m,7,3,468,
DORA,2952,70,49.52%,103,78,5.76,605,515,208,27,7.87 km,1637.12 km,2.16 km,5.71 km,1102,21,86008,93.27%,194,26m,36m,496,562,0,0,60,413.50,14,336,8.96,114,18.84%,785 m,7,3,468,
Qqun647251514,2951,74,76.32%,58,112,65.61,1181,92,76,6,4.84 km,367.70 km,2.34 km,2.50 km,326,5,124082,85.53%,65,24m,30m,27,253,2,1,7,1632.65,37,55,68.67,337,28.54%,999 m,7,12,896,
Kkadal,2961,75,32.91%,155,51,3.71,1173,1613,471,40,6.51 km,3068.26 km,2.32 km,4.20 km,2292,76,150064,86.84%,409,24m,36m,1490,1438,0,0,164,318.61,18,544,5.43,193,16.45%,577 m,9,4,883,
EtherYouTube,2543,12433,17.14%,24,20952,4.23,491,3568,140,27,4.73 km,662.50 km,1.69 km,3.05 km,598,22,65758,52.14%,73,18m,32m,476,404,2,0,52,469.70,17,114,5.22,111,22.61%,661 m,7,4,422,
CAON1MA-,2954,76,56.88%,124,68,6.93,651,1069,218,19,7.52 km,1640.29 km,2.60 km,4.92 km,1198,33,83993,93.58%,204,27m,33m,633,820,2,1,78,385.29,16,401,11.19,111,17.05%,745 m,10,3,515,
SSNEConan,2961,77,38.76%,169,76,4.55,1215,987,436,39,9.36 km,4081.85 km,4.37 km,5.00 km,2029,44,169462,86.70%,378,25m,36m,1243,1668,6,2,124,388.68,16,476,6.33,236,19.42%,603 m,11,4,1055,
flower-hong,2951,78,53.67%,95,82,6.23,511,789,177,22,7.79 km,1379.64 km,2.51 km,5.29 km,943,30,66683,91.53%,162,26m,36m,488,629,1,1,56,376.74,10,249,9.27,84,16.44%,978 m,2,4,415,
5WG-qun587752210,
GheatKy,2951,79,35.81%,106,88,4.68,890,467,296,29,6.35 km,1879.71 km,2.17 km,4.18 km,1948,54,115688,85.81%,254,25m,32m,796,953,6,3,116,390.84,17,323,6.38,157,17.64%,378 m,13,4,721,
Zoidm7,
HIZI_4_LIFE,2706,2,64.64%,234,1,8.13,1040,31,362,35,8.65 km,3132.43 km,2.22 km,6.43 km,2051,71,137056,96.13%,348,28m,36m,1631,1382,2,0,127,378.61,12,644,13.16,163,15.67%,812 m,15,4,792,
PeakN_,2684,3,55.38%,211,3,5.09,866,56,381,30,8.35 km,3181.84 km,2.26 km,6.09 km,1478,52,115463,95.54%,364,28m,36m,1268,837,3,1,165,303.05,12,562,8.40,132,15.24%,681 m,10,4,663,
Cozyy,2687,4,53.74%,115,6,8.73,864,2,214,37,7.75 km,1657.87 km,2.48 km,5.27 km,1028,18,118441,94.86%,203,27m,35m,600,873,1,0,66,553.46,15,363,12.39,146,16.90%,548 m,3,4,694,
blackoutnz,2683,5,61.88%,237,4,7.44,1086,43,383,36,8.55 km,3273.29 km,2.30 km,6.25 km,1799,25,144292,96.08%,368,28m,36m,1367,1168,2,1,139,376.74,13,626,11.73,210,19.34%,551 m,15,4,839,
ResolveZ,2696,6,61.68%,243,5,9.52,1438,5,394,35,8.35 km,3289.56 km,2.03 km,6.32 km,2096,112,181848,95.43%,376,27m,36m,1226,1433,4,3,119,461.54,14,532,13.05,241,16.76%,692 m,11,4,1106,
Xtreme2g,2667,7,58.55%,178,8,9.90,1247,3,304,34,8.68 km,2637.33 km,2.36 km,6.31 km,1381,41,164104,95.39%,290,27m,36m,1057,870,3,1,64,539.82,19,497,13.84,211,16.92%,517 m,11,4,948,
Cobzoken,2627,8,58.89%,149,7,8.08,840,14,253,35,7.67 km,1940.05 km,2.31 km,5.35 km,1169,24,117337,91.30%,231,27m,36m,851,851,0,0,76,463.78,11,381,11.74,177,21.07%,637 m,6,6,712,
Extrude_NZ,2626,9,58.70%,172,9,7.50,908,19,293,33,8.10 km,2373.80 km,2.14 km,5.96 km,1637,39,132043,92.49%,271,27m,36m,642,718,5,2,155,450.66,10,485,11.51,168,18.50%,501 m,11,4,717,
uNkryh,2604,10,58.05%,173,10,7.06,882,24,298,34,7.75 km,2309.91 km,2.16 km,5.59 km,1918,52,108817,93.29%,278,27m,36m,819,873,0,0,126,365.16,11,419,10.41,144,16.33%,694 m,11,4,647,
lnsight,2600,11,68.59%,107,12,12.45,610,13,156,21,12.28 km,1916.18 km,5.51 km,6.77 km,818,21,73206,93.59%,146,27m,33m,484,578,1,0,81,469.27,14,317,18.92,133,21.80%,817 m,7,5,474,
Linksy,2615,12,59.79%,171,17,11.91,1370,1,286,31,7.45 km,2132.12 km,2.52 km,4.93 km,1393,28,182143,94.76%,271,27m,36m,1072,826,2,0,104,636.86,14,480,16.09,313,22.85%,572 m,3,5,1124,
CHEVALIERNOIR,2564,13,56.54%,134,13,7.06,727,84,237,34,7.78 km,1844.47 km,2.15 km,5.64 km,1042,17,94881,92.41%,219,27m,36m,865,1110,0,0,68,400.34,12,274,9.72,160,22.01%,603 m,4,4,555,
NzSnapShot,2573,14,58.54%,209,11,6.12,906,147,357,38,8.82 km,3149.73 km,2.36 km,6.47 km,1713,45,130249,94.40%,337,28m,35m,1240,937,1,1,114,364.84,9,519,9.63,221,24.39%,739 m,12,4,764,
Daak,2551,15,44.29%,93,14,4.63,542,55,210,33,7.64 km,1604.12 km,2.11 km,5.53 km,789,9,79824,91.43%,192,27m,35m,795,371,0,0,64,380.12,11,265,6.90,100,18.45%,597 m,2,3,473,
Ovtlier,2538,16,52.42%,141,15,4.66,597,94,269,34,7.69 km,2069.12 km,2.05 km,5.64 km,1180,13,77895,93.31%,251,26m,36m,1154,580,2,1,118,289.57,9,379,7.63,120,20.10%,657 m,5,4,474,
xpll,2549,17,54.69%,134,16,5.69,632,63,245,30,7.79 km,1909.22 km,2.10 km,5.69 km,1116,27,79037,91.43%,224,27m,33m,729,731,0,0,108,322.60,13,374,9.06,115,18.20%,482 m,2,4,457,
HappyNoVitez,2560,18,54.94%,139,19,7.40,844,26,253,34,7.31 km,1848.97 km,2.11 km,5.20 km,1262,26,109498,90.91%,230,25m,33m,841,745,1,1,57,432.80,13,358,10.54,176,20.85%,1022 m,13,5,665,
BlankXD,2506,19,40.00%,88,18,3.46,457,232,220,36,6.64 km,1460.44 km,2.48 km,4.16 km,921,5,65207,88.64%,195,26m,33m,854,382,0,0,75,296.40,11,241,5.29,84,18.38%,445 m,0,3,362,
Dj_Ahni,2562,21,58.41%,309,20,5.86,1290,89,529,40,8.37 km,4429.64 km,2.00 km,6.37 km,3643,70,183343,94.52%,500,27m,36m,2185,1808,6,2,154,346.58,11,726,9.16,235,18.22%,684 m,27,4,1011,
God69,2548,22,52.23%,176,22,6.05,974,95,337,35,11.93 km,4021.86 km,4.24 km,7.69 km,1381,33,130126,88.13%,297,26m,36m,871,873,2,1,109,386.13,11,463,8.93,196,20.12%,570 m,15,4,779,
Misogi,2493,23,42.72%,88,23,5.64,666,48,206,27,7.73 km,1591.36 km,2.20 km,5.52 km,995,8,79639,84.47%,174,25m,36m,650,574,7,1,63,386.59,13,196,7.31,132,19.82%,413 m,8,4,504,
CallMeComms,2491,24,57.26%,67,35,11.08,554,4,117,10,7.61 km,890.26 km,1.93 km,5.68 km,596,11,81054,94.02%,110,25m,33m,474,310,8,5,32,692.77,16,171,14.50,107,19.31%,513 m,4,4,468,
S0matic,2544,25,49.83%,144,27,6.66,965,38,289,37,11.12 km,3212.92 km,4.95 km,6.17 km,1489,17,125284,93.08%,269,26m,35m,968,953,1,0,75,433.51,16,388,9.33,174,18.03%,463 m,10,4,753,
nicoos,2482,26,40.00%,78,31,4.43,518,29,195,32,7.21 km,1406.77 km,2.11 km,5.10 km,888,11,63859,83.08%,162,25m,36m,681,394,8,2,98,327.48,11,189,6.04,85,16.41%,523 m,6,4,431,
Joshiie_,2479,27,41.05%,94,24,3.92,529,92,229,35,7.79 km,1784.28 km,2.18 km,5.61 km,962,22,73591,88.21%,202,25m,36m,1046,667,8,3,90,321.36,11,265,5.88,85,16.07%,446 m,4,4,421,
Karms,2477,23,39.02%,96,30,5.19,779,18,246,37,5.79 km,1423.79 km,2.47 km,3.32 km,1343,16,101242,88.62%,218,26m,36m,1107,684,1,0,62,411.55,17,256,6.90,121,15.53%,669 m,8,4,620,
Cernexs,2521,28,55.83%,158,23,4.93,616,402,283,37,7.36 km,2082.59 km,2.39 km,4.97 km,1370,22,83756,94.70%,268,27m,36m,1314,796,0,0,128,295.96,10,436,8.42,94,15.26%,622 m,7,4,496,
M3rric,2468,28,48.76%,98,26,4.87,502,132,201,31,7.39 km,1485.41 km,2.12 km,5.27 km,1082,13,66585,91.04%,183,26m,36m,985,925,6,3,72,331.27,13,236,7.17,103,20.52%,497 m,12,7,390,
xskitzx,2462,29,32.72%,71,29,3.29,480,174,217,33,6.70 km,1453.15 km,2.30 km,4.40 km,1001,6,61378,82.95%,180,24m,36m,455,579,1,1,79,282.85,12,173,4.47,100,20.83%,465 m,8,4,401,
Testroy10RG,2494,30,51.74%,178,21,3.28,544,1994,344,39,8.66 km,2979.93 km,2.12 km,6.54 km,1522,36,78428,93.31%,321,27m,36m,1194,931,6,4,132,227.99,11,365,5.48,103,18.93%,675 m,8,4,442,
Prevoqe,2479,31,56.30%,76,30,5.00,295,339,135,25,7.86 km,1060.87 km,2.12 km,5.74 km,608,10,42279,94.81%,128,28m,33m,438,359,0,0,55,313.18,10,200,8.39,75,25.42%,637 m,0,4,262,
aezke,2469,32,47.95%,70,29,3.64,277,286,146,21,8.03 km,1171.93 km,2.08 km,5.95 km,719,16,39026,93.15%,136,27m,36m,304,461,4,1,48,267.30,8,213,6.45,51,18.41%,449 m,2,3,223,
Police-man,2461,34,48.34%,73,36,6.04,471,74,151,28,7.01 km,1058.55 km,2.05 km,4.96 km,729,7,59876,89.40%,135,25m,32m,512,419,0,0,30,396.53,14,204,8.65,69,14.65%,421 m,5,5,363,
subslayer,2458,35,57.52%,88,37,9.43,613,44,153,26,9.71 km,1486.24 km,5.04 km,4.67 km,837,11,78418,90.85%,139,26m,36m,658,406,0,0,49,512.53,12,220,12.82,123,20.07%,606 m,7,4,503,
Novak4,2440,36,47.66%,51,34,4.02,225,469,107,23,7.56 km,808.57 km,2.33 km,5.23 km,474,4,30034,95.33%,102,28m,36m,349,283,0,0,31,280.69,8,124,6.23,44,19.56%,446 m,4,3,188,
Les_Onardo,2438,37,54.67%,41,41,6.94,236,33,75,15,7.74 km,580.46 km,2.19 km,5.55 km,401,8,27540,90.67%,68,27m,32m,224,190,0,0,23,367.19,11,93,9.68,39,16.53%,500 m,1,4,178,
Kyroo,2500,38,47.47%,103,33,3.67,418,724,217,33,7.42 km,1611.21 km,2.35 km,5.08 km,1125,17,59423,95.85%,208,27m,36m,886,639,1,0,79,273.84,7,288,6.19,75,17.94%,623 m,6,4,351,
Gruumpz,2430,40,46.85%,67,43,6.08,462,34,143,29,7.77 km,1110.79 km,2.05 km,5.72 km,745,8,68113,89.51%,128,26m,34m,580,314,0,0,36,476.31,11,208,8.82,71,15.37%,846 m,8,4,391,
KhunAA,2419,41,53.54%,53,44,6.24,287,73,99,22,6.97 km,690.42 km,2.69 km,4.28 km,542,8,35210,95.96%,95,28m,33m,471,542,2,1,46,355.66,10,135,9.17,66,23.00%,529 m,0,4,229,
Zoidm8,2415,42,65.77%,98,63,14.69,749,12,149,13,8.06 km,1201.46 km,2.07 km,6.00 km,820,14,104321,95.97%,143,28m,36m,835,519,0,0,43,700.14,14,306,20.69,178,23.77%,696 m,15,5,633,
REALNAYGER69,2433,43,44.74%,51,57,6.38,402,21,114,22,6.77 km,772.11 km,2.32 km,4.45 km,610,12,52707,90.35%,103,26m,32m,461,358,4,2,31,462.34,12,185,9.32,62,15.42%,557 m,2,4,325,
YasuKage,2416,45,49.34%,112,40,4.29,493,309,227,35,7.81 km,1773.34 km,2.25 km,5.56 km,1276,23,64299,92.95%,211,25m,36m,713,700,5,3,55,283.25,12,308,6.97,94,19.07%,662 m,5,4,363,
GadjitZ,2429,46,36.59%,45,46,3.78,295,139,123,14,6.99 km,860.32 km,1.91 km,5.09 km,614,2,38925,91.87%,113,26m,33m,426,289,0,0,39,316.47,7,115,5.26,52,17.63%,373 m,5,4,232,
Testicle,2480,47,48.82%,83,52,6.52,567,57,170,30,7.37 km,1252.45 km,2.54 km,4.83 km,776,17,74025,91.18%,155,26m,36m,681,479,2,0,60,435.44,14,247,9.36,102,17.99%,434 m,3,5,449,
Haydiiz,2407,48,49.06%,78,50,5.25,425,121,159,28,6.83 km,1086.44 km,2.40 km,4.43 km,640,8,51762,89.94%,143,26m,34m,630,387,0,0,77,325.55,14,212,7.86,88,20.71%,644 m,5,3,332,
luke12,2400,49,59.21%,45,58,9.06,281,41,76,19,8.74 km,664.23 km,2.27 km,6.47 km,393,9,33920,94.74%,72,27m,36m,343,228,2,2,37,446.31,17,121,12.97,69,24.56%,451 m,2,4,204,
Derbali,2400,50,52.63%,50,56,6.31,284,68,95,19,7.66 km,727.25 km,2.18 km,5.48 km,446,13,40146,89.47%,85,25m,32m,461,224,0,0,35,422.59,10,128,9.16,72,25.35%,659 m,5,3,256,
HaroldHolt,2421,51,38.89%,98,39,3.51,541,968,252,33,7.79 km,1962.69 km,2.00 km,5.78 km,1598,15,78830,91.67%,231,26m,36m,1340,673,0,0,100,312.82,11,203,4.83,100,18.48%,448 m,10,4,473,
NEXTHYPE,2399,52,42.71%,41,54,4.75,261,122,96,15,7.80 km,748.90 km,2.24 km,5.56 km,347,9,34260,84.38%,81,25m,33m,349,310,0,0,39,356.87,10,132,7.15,48,18.39%,380 m,2,4,223,
Extol,2406,54,52.78%,57,47,5.02,256,523,108,18,7.28 km,786.47 km,2.19 km,5.10 km,596,6,36818,92.59%,100,27m,35m,463,290,0,0,41,340.90,9,133,7.63,66,25.78%,400 m,1,3,200,
BenchU,2394,55,25.57%,78,55,2.93,665,152,305,33,5.19 km,1584.09 km,1.66 km,3.54 km,1116,19,100091,58.03%,177,19m,34m,922,638,2,2,111,328.17,12,373,4.57,121,18.20%,475 m,2,4,570,
imdabesm8,2390,46,19.91%,46,66,5.48,1014,9,231,23,4.71 km,1088.49 km,1.90 km,2.81 km,1261,7,151358,61.47%,142,21m,36m,544,486,4,3,118,655.23,19,246,6.81,211,20.81%,788 m,7,4,951,
Korbz,2391,57,39.34%,83,49,3.39,434,486,211,26,7.78 km,1640.99 km,2.01 km,5.77 km,994,17,61037,90.05%,190,26m,33m,981,621,1,0,64,289.27,9,206,5.00,75,17.28%,503 m,8,4,346,
Trazz,2422,58,41.01%,171,51,3.39,833,369,417,35,7.60 km,3169.85 km,1.91 km,5.69 km,2267,35,110347,88.97%,371,25m,36m,1791,1113,3,0,157,264.62,13,421,5.10,128,15.37%,779 m,20,4,672,
Uniq_,2443,59,55.17%,96,72,8.71,679,42,174,30,7.65 km,1330.75 km,2.19 km,5.46 km,798,14,88574,89.66%,156,26m,36m,590,479,2,1,53,509.05,14,267,12.13,152,22.39%,715 m,2,5,562,
choiceaz,2381,60,53.39%,63,53,4.56,251,535,118,18,8.22 km,970.35 km,2.17 km,6.06 km,677,7,34988,93.22%,110,27m,36m,567,384,2,0,53,296.51,8,148,7.25,55,21.91%,485 m,3,4,210,
EdW0od,2393,56,38.31%,77,59,4.07,505,114,201,32,5.47 km,1099.30 km,2.47 km,3.00 km,933,2,62816,90.05%,181,26m,33m,1097,449,0,0,42,312.52,11,204,5.72,68,13.47%,625 m,0,4,383,
sensei-exe,2406,61,45.79%,98,70,5.42,629,75,214,33,6.22 km,1332.06 km,2.41 km,3.82 km,1066,23,82969,84.58%,181,25m,36m,810,612,1,0,48,387.71,10,252,7.59,122,19.40%,693 m,7,3,521,
P0ngo,2377,62,51.43%,54,59,5.06,258,233,105,20,8.01 km,840.76 km,2.29 km,5.72 km,496,2,34764,85.71%,90,26m,36m,347,273,0,0,34,331.09,8,115,7.31,38,14.73%,356 m,2,4,211,
Rum_Rage,2444,63,42.44%,132,61,4.18,748,180,311,36,8.15 km,2535.60 km,2.16 km,5.99 km,1579,24,114740,89.71%,279,25m,33m,913,826,4,2,110,368.94,11,389,6.35,141,18.85%,489 m,13,4,636,
Bubbles_Aus,2399,64,41.01%,73,64,4.68,491,129,178,16,7.76 km,1381.28 km,2.22 km,5.54 km,718,9,68749,92.70%,165,26m,33m,652,484,1,1,43,386.23,15,200,6.58,92,18.74%,764 m,2,4,408,
shredd,2377,65,45.45%,35,65,5.10,214,115,77,23,8.10 km,624.05 km,2.12 km,5.99 km,468,4,31585,89.61%,69,26m,32m,405,271,0,0,16,410.19,13,121,7.98,50,23.36%,524 m,3,4,184,
miggeLz,2388,67,47.41%,64,81,8.46,601,17,135,23,7.51 km,1014.27 km,2.20 km,5.31 km,847,18,79142,85.93%,116,27m,34m,531,644,0,0,55,586.24,20,156,10.66,154,25.62%,644 m,5,7,485,
Gurpz,2386,68,43.35%,101,45,1.97,260,1826,233,30,11.56 km,2692.87 km,5.67 km,5.89 km,961,8,37218,90.56%,211,26m,36m,1080,286,2,1,88,159.73,7,247,3.84,45,17.31%,420 m,2,4,216,
Heffaa,2377,69,44.13%,79,73,6.08,608,80,179,35,7.93 km,1419.82 km,2.40 km,5.53 km,961,26,86065,87.71%,157,26m,36m,479,455,1,0,69,480.81,11,235,8.43,107,17.60%,470 m,7,4,524,
Tedesco,2372,70,45.56%,41,71,5.55,272,105,90,18,8.48 km,763.55 km,2.43 km,6.06 km,468,7,36235,92.22%,83,27m,32m,302,275,0,0,37,402.61,10,138,8.37,36,13.24%,445 m,5,4,215,
RAAUULLL,2393,71,46.95%,77,67,5.57,485,166,164,26,6.95 km,1140.05 km,2.15 km,4.80 km,743,20,66958,83.54%,137,25m,36m,487,370,5,2,37,408.28,13,219,8.09,73,15.05%,514 m,2,5,401,
Vinvee,2409,72,45.28%,72,62,4.02,350,300,159,24,7.38 km,1172.92 km,1.96 km,5.41 km,707,5,46569,89.94%,143,26m,36m,328,309,1,1,43,292.89,8,174,6.02,65,18.57%,505 m,4,3,281,
zRwR,2373,29,51.94%,67,30,5.61,348,38,129,14,7.86 km,1013.89 km,2.68 km,5.18 km,514,11,49611,94.57%,122,27m,36m,478,412,1,0,48,384.58,10,185,8.60,53,15.23%,577 m,5,4,270,
xDecay,2387,72,44.09%,41,67,4.52,235,274,93,12,7.25 km,674.15 km,1.99 km,5.26 km,445,8,32102,90.32%,84,25m,36m,357,242,0,0,29,345.18,11,100,6.44,48,20.43%,469 m,4,3,180,
Sidikus,2360,73,36.73%,72,69,3.20,397,395,196,26,6.69 km,1311.12 km,2.17 km,4.52 km,891,11,50540,85.71%,168,24m,33m,566,464,3,2,62,257.86,10,175,4.61,61,15.37%,640 m,3,4,318,
Defswontkillyou,2366,74,39.61%,61,75,3.81,354,173,154,30,7.02 km,1081.84 km,1.84 km,5.18 km,595,10,51299,86.36%,133,24m,33m,381,307,3,1,52,333.11,10,178,5.72,55,15.54%,412 m,7,3,292,
fucknugget,2356,75,47.96%,47,66,4.20,214,591,98,24,6.54 km,640.80 km,2.22 km,4.32 km,541,9,32558,92.86%,91,27m,32m,576,463,2,1,29,332.23,10,161,7.35,33,15.42%,473 m,0,3,171,
kasun,2351,76,46.22%,55,96,6.94,444,36,119,24,6.69 km,795.62 km,2.04 km,4.64 km,670,5,58189,77.31%,92,23m,32m,435,457,4,1,63,488.98,14,165,9.52,90,20.27%,487 m,2,4,354,
TheWrath,2380,76,29.80%,45,79,3.60,382,152,151,28,13.22 km,1995.58 km,7.56 km,5.66 km,753,11,51088,75.50%,114,24m,34m,308,457,1,0,37,338.33,9,152,5.04,56,14.66%,455 m,5,4,308,
ShooterGuy,2097,6039,18.84%,13,8259,2.86,160,3685,69,13,3.59 km,247.69 km,1.96 km,1.63 km,258,1,19411,52.17%,36,19m,32m,153,131,1,0,27,281.32,12,69,4.09,23,14.37%,380 m,1,3,126,
k1llum1nat1,2384,77,33.19%,152,76,2.65,810,433,458,25,7.48 km,3425.07 km,2.04 km,5.44 km,2526,16,119533,89.52%,410,26m,36m,1384,1220,0,0,151,260.99,11,391,3.92,126,15.56%,468 m,8,4,707,
untainted26,2345,78,37.71%,66,68,2.77,302,1139,175,27,6.77 km,1185.62 km,2.22 km,4.56 km,738,16,41672,88.00%,154,25m,33m,400,482,3,1,54,238.13,6,165,4.28,35,11.59%,483 m,3,4,244,
Bodnar,2370,79,33.59%,43,85,3.48,296,165,128,25,7.35 km,940.95 km,2.07 km,5.28 km,554,13,41174,90.63%,116,26m,36m,276,270,2,0,29,321.67,12,107,4.74,63,21.28%,603 m,4,4,272,
LuigiFTW,2365,80,45.71%,80,94,5.53,525,123,175,18,7.16 km,1253.87 km,2.27 km,4.90 km,1004,11,68190,87.43%,153,25m,34m,463,534,1,0,37,389.66,13,211,7.75,108,20.57%,615 m,10,4,423,
xFear,2455,81,44.94%,80,92,4.49,440,155,178,28,7.71 km,1372.21 km,1.89 km,5.82 km,685,24,59772,88.76%,158,25m,35m,515,424,2,1,64,335.80,10,257,7.11,98,22.27%,459 m,5,3,357,
InvertedNeon,2373,82,38.30%,54,78,2.57,224,740,141,21,7.44 km,1048.75 km,2.09 km,5.34 km,755,4,30389,90.07%,127,26m,36m,518,260,0,0,45,215.52,7,135,4.13,38,16.96%,429 m,7,4,198,
Zphyr,2373,83,41.37%,103,91,4.09,597,184,249,29,7.16 km,1782.16 km,2.03 km,5.13 km,1274,13,80362,86.75%,216,25m,36m,769,772,3,1,82,322.74,13,315,6.25,102,17.09%,450 m,4,4,518,
FrOzEn-SnYpA,2370,84,31.68%,32,83,3.03,209,389,101,18,7.51 km,758.51 km,2.13 km,5.38 km,509,3,31781,85.15%,86,25m,36m,315,367,0,0,48,314.66,7,122,4.80,39,18.66%,364 m,3,3,180,
nigerf4got,2355,84,39.90%,79,72,2.66,317,994,198,33,5.76 km,1139.59 km,2.41 km,3.34 km,1060,8,45214,84.85%,168,25m,36m,630,550,1,1,48,228.35,9,178,4.16,63,19.87%,394 m,3,4,253,
xdxdxdxdxdxdxdxd,2378,86,36.29%,86,95,4.13,623,190,237,32,9.91 km,2348.49 km,4.28 km,5.63 km,1054,21,82040,84.39%,200,26m,36m,1037,884,0,0,79,346.16,13,311,6.19,117,18.78%,577 m,2,3,476,
yangjinglong,2350,87,52.99%,62,131,50.60,2783,6,117,5,5.59 km,653.54 km,2.31 km,3.28 km,692,4,285589,70.94%,83,20m,29m,88,404,6,4,1,2440.93,49,40,51.33,775,27.85%,1023 m,9,14,2062,
Archyy24,2359,88,31.84%,64,74,2.26,309,1790,201,31,7.32 km,1470.35 km,2.23 km,5.08 km,980,18,44191,90.05%,181,26m,36m,717,544,3,1,82,219.85,7,184,3.60,39,12.62%,620 m,4,3,247,
C0UCHMAN,2350,89,54.49%,91,82,5.17,393,653,167,34,8.21 km,1370.34 km,2.11 km,6.10 km,977,19,56895,91.02%,152,26m,34m,549,426,0,0,67,340.69,11,259,8.58,60,15.27%,502 m,8,4,294,
Zoidm8,2415,42,65.77%,98,63,14.69,749,12,149,13,8.06 km,1201.46 km,2.07 km,6.00 km,820,14,104321,95.97%,143,28m,36m,835,519,0,0,43,700.14,14,306,20.69,178,23.77%,696 m,15,5,633,
Dream_W0rks,2364,90,38.94%,44,84,3.43,237,597,113,20,7.02 km,793.22 km,2.32 km,4.70 km,427,8,35497,89.38%,101,26m,36m,387,227,0,0,46,314.13,8,106,4.97,51,21.52%,359 m,3,4,212,
staysmall,2345,91,35.76%,59,77,2.24,237,1172,165,28,7.61 km,1255.27 km,2.23 km,5.37 km,688,17,33929,82.42%,136,25m,36m,587,458,0,0,44,205.63,7,134,3.50,49,20.68%,368 m,2,3,198,
Slaughtgeef,2376,92,36.44%,86,87,3.14,471,546,236,32,7.79 km,1837.32 km,2.14 km,5.65 km,1000,17,64755,84.75%,200,25m,36m,1096,613,0,0,111,274.39,9,264,4.90,97,20.59%,742 m,5,5,386,
Radaarr,2336,94,47.42%,46,86,4.51,230,595,97,19,7.60 km,736.73 km,2.08 km,5.51 km,472,6,29817,85.57%,83,26m,36m,265,217,0,0,38,307.40,11,104,6.55,39,16.96%,755 m,3,4,155,
StackywifanA,2360,95,40.00%,76,93,4.08,465,379,190,31,7.52 km,1428.48 km,2.01 km,5.50 km,922,8,61104,89.47%,170,26m,33m,713,596,4,3,70,321.60,9,259,6.35,70,15.05%,370 m,1,4,383,
Jamie19123,2324,97,36.36%,20,90,3.03,106,529,55,16,6.23 km,342.57 km,2.13 km,4.10 km,221,2,14572,89.09%,49,23m,33m,254,147,1,1,18,264.94,9,53,4.54,29,27.36%,502 m,0,3,105,
KiNGsveNN,2351,92,48.72%,95,100,5.94,594,154,195,25,6.98 km,1362.03 km,1.91 km,5.08 km,879,15,76324,86.15%,168,25m,36m,488,573,1,0,58,391.41,12,279,8.73,91,15.32%,720 m,7,5,477,
God69,2548,22,52.23%,176,22,6.05,974,95,337,35,11.93 km,4021.86 km,4.24 km,7.69 km,1381,33,130126,88.13%,297,26m,36m,871,873,2,1,109,386.13,11,463,8.93,196,20.12%,570 m,15,4,779,
Syntech,2365,98,39.26%,64,100,4.58,453,298,163,18,7.30 km,1189.78 km,2.18 km,5.12 km,829,29,67660,90.80%,148,26m,34m,474,545,1,1,69,415.09,10,230,6.90,67,14.79%,344 m,1,4,350,
noaah,2748,1,63.67%,184,1,10.39,1091,2,289,30,7.67 km,2217.19 km,2.58 km,5.09 km,1262,27,129219,95.16%,275,27m,36m,814,1095,1,0,104,447.13,12,488,15.04,165,15.12%,851 m,6,4,822,
Lipeh,2739,2,67.81%,158,5,11.76,882,1,233,36,8.33 km,1940.98 km,2.56 km,5.77 km,1334,24,105226,98.28%,229,28m,36m,922,730,1,0,68,451.61,10,410,17.23,162,18.37%,611 m,8,4,622,
Zetijas,2717,3,51.67%,170,2,6.10,970,30,329,36,6.93 km,2281.38 km,2.05 km,4.89 km,1325,21,127398,90.27%,297,25m,36m,1337,1141,4,1,117,387.23,11,427,8.79,192,19.79%,507 m,10,4,789,
RagnarLoth,2756,4,54.64%,277,3,6.66,1531,21,507,39,7.91 km,4009.80 km,2.57 km,5.34 km,2750,52,186737,92.90%,471,26m,36m,3388,1674,4,0,189,368.32,12,617,9.34,300,19.60%,658 m,27,8,1174,
EvilTwinsBR,2697,5,56.13%,238,4,5.69,1059,176,424,37,7.86 km,3332.72 km,3.38 km,4.48 km,1836,40,140228,90.33%,383,25m,36m,1680,1162,1,0,142,330.73,10,633,9.10,212,20.02%,558 m,7,4,825,
Grvv,2741,6,64.10%,316,8,8.37,1481,11,493,39,7.66 km,3776.72 km,2.17 km,5.49 km,2373,53,190581,97.36%,480,28m,36m,3031,2275,5,1,176,386.57,10,751,12.61,292,19.72%,563 m,12,4,1212,
MufasaGOD,2669,7,62.71%,111,7,6.45,426,55,177,32,6.54 km,1158.04 km,2.30 km,4.25 km,866,20,54664,93.79%,166,27m,36m,551,463,0,0,40,308.84,12,218,9.76,79,18.54%,387 m,7,4,335,
IVANZITO,2668,8,53.50%,237,9,7.23,1490,6,443,40,7.04 km,3117.40 km,2.79 km,4.24 km,2052,33,181000,91.65%,406,26m,36m,1932,1480,1,0,161,408.58,13,668,10.48,315,21.14%,610 m,12,4,1177,
JuGsEvilTwins,2665,9,51.15%,156,6,4.31,642,198,305,31,7.36 km,2245.31 km,3.49 km,3.87 km,1419,18,89357,90.49%,276,26m,36m,1113,911,2,0,131,292.97,9,474,7.49,138,21.50%,955 m,6,5,509,
SzylzEN,2704,10,68.46%,204,11,12.48,1173,3,298,35,10.77 km,3208.15 km,4.12 km,6.65 km,1689,26,147155,97.32%,290,28m,36m,1392,1171,3,1,90,493.81,11,524,18.05,217,18.50%,604 m,9,5,879,
BATALHA357,2633,11,61.50%,139,10,7.39,643,37,226,32,7.71 km,1743.42 km,2.30 km,5.41 km,1053,24,82815,93.36%,211,27m,36m,1026,835,0,0,83,366.44,12,305,10.90,135,21.00%,538 m,3,4,526,
Maikzj,2634,12,46.05%,134,12,4.43,695,40,291,37,6.73 km,1957.54 km,1.99 km,4.74 km,1425,29,89817,91.41%,266,26m,36m,1277,898,2,1,75,308.65,10,308,6.39,131,18.85%,488 m,6,4,539,
Birck,2590,13,53.16%,168,14,5.09,754,61,316,35,6.66 km,2104.80 km,2.52 km,4.14 km,1615,12,103420,92.72%,293,26m,36m,1547,994,2,2,102,327.28,11,434,8.03,148,19.63%,461 m,2,4,599,
BOSS_Archt,2584,14,52.60%,101,15,7.02,639,19,192,24,6.24 km,1198.94 km,2.20 km,4.04 km,1097,15,77285,88.54%,170,26m,35m,821,739,5,3,65,402.53,12,290,10.21,108,16.90%,468 m,4,6,511,
p4Mpz,2579,15,50.99%,154,16,6.17,913,15,302,28,6.75 km,2037.11 km,2.40 km,4.34 km,1401,18,108401,89.07%,269,26m,36m,1212,877,2,0,74,358.94,14,356,8.57,160,17.52%,661 m,16,4,707,
Neema,2579,15,50.99%,154,16,6.17,913,15,302,28,6.75 km,2037.11 km,2.40 km,4.34 km,1401,18,108401,89.07%,269,26m,36m,1212,877,2,0,74,358.94,14,356,8.57,160,17.52%,661 m,16,4,707,
chuckpira,2579,17,35.27%,91,20,5.74,958,4,258,37,4.97 km,1282.78 km,2.13 km,2.85 km,1242,14,125162,70.16%,181,22m,36m,921,757,0,0,94,485.12,15,361,7.90,210,21.92%,430 m,4,4,843,
H3llYeah,2561,18,60.00%,108,18,7.10,511,22,180,16,7.06 km,1270.44 km,2.36 km,4.70 km,741,18,66379,92.78%,167,27m,36m,643,587,0,0,68,368.77,10,263,10.75,100,19.57%,530 m,6,4,382,
Paranga,2561,18,60.00%,108,18,7.10,511,22,180,16,7.06 km,1270.44 km,2.36 km,4.70 km,741,18,66379,92.78%,167,27m,36m,643,587,0,0,68,368.77,10,263,10.75,100,19.57%,530 m,6,4,382,
GGateway,2593,20,41.91%,233,17,3.83,1238,93,556,40,7.36 km,4089.42 km,2.35 km,5.01 km,3122,30,167893,92.63%,515,26m,36m,2090,1565,5,1,202,301.96,14,631,5.79,297,23.99%,776 m,9,5,1046,
DC89,2553,21,56.19%,118,19,6.04,556,34,210,25,6.43 km,1351.02 km,2.29 km,4.14 km,1125,27,68424,91.43%,192,26m,33m,914,768,0,0,101,325.83,16,282,9.11,87,15.65%,472 m,4,5,415,
hnKOne,2567,22,46.06%,158,23,5.16,955,32,343,32,8.11 km,2782.14 km,2.39 km,5.72 km,1626,22,130197,91.55%,314,26m,36m,2552,849,2,1,115,379.58,13,421,7.44,188,19.69%,618 m,5,4,755,
bruno-,2563,23,50.55%,137,25,5.95,797,66,271,34,6.71 km,1818.49 km,2.45 km,4.26 km,1399,16,101623,89.67%,243,25m,36m,1054,840,1,0,98,374.99,11,441,9.24,189,23.71%,447 m,3,4,647,
BknSmitty,2528,24,58.11%,43,27,8.16,253,26,74,12,7.16 km,529.75 km,2.25 km,4.90 km,410,4,34344,94.59%,70,27m,36m,367,196,0,0,20,464.11,9,96,11.26,58,22.92%,513 m,3,3,222,
SpeedTroung,2517,25,46.32%,88,26,4.61,470,57,190,31,6.78 km,1288.05 km,2.17 km,4.61 km,877,31,58678,85.79%,163,25m,34m,796,674,2,1,63,308.83,11,225,6.81,75,15.96%,511 m,4,4,370,
KF9sk,2514,26,46.33%,139,28,5.42,873,31,300,33,6.66 km,1997.82 km,2.31 km,4.34 km,1413,35,113280,88.00%,264,25m,36m,1602,857,0,0,90,377.60,19,401,7.91,186,21.31%,679 m,5,4,703,
Kappucha,2529,27,56.31%,116,31,7.79,701,18,206,23,6.05 km,1246.14 km,2.42 km,3.63 km,1120,23,81344,79.61%,164,24m,34m,805,770,5,3,83,394.87,20,307,11.20,144,20.54%,357 m,6,5,546,
IguiNn,2532,28,43.95%,138,22,3.13,550,348,314,40,8.07 km,2534.77 km,2.16 km,5.91 km,1530,15,80858,92.04%,289,25m,34m,1461,1041,5,0,100,257.51,10,357,5.15,121,22.00%,503 m,8,3,456,
KarmaH,2508,25,62.59%,87,22,5.58,290,192,139,19,7.35 km,1022.20 km,2.23 km,5.12 km,730,14,38087,97.84%,136,27m,36m,719,581,0,0,53,274.01,8,196,9.35,52,17.93%,436 m,2,3,223,
instead,2508,27,61.60%,77,27,7.81,375,36,125,16,7.25 km,906.01 km,2.27 km,4.98 km,693,9,44565,92.80%,116,27m,36m,417,606,0,0,39,356.52,9,171,11.38,84,22.40%,442 m,3,4,282,
sysk,2504,31,53.44%,70,30,6.49,396,49,131,23,12.14 km,1590.99 km,7.36 km,4.79 km,714,13,48179,93.89%,123,27m,33m,625,469,2,2,55,367.78,10,181,9.46,70,17.68%,602 m,2,3,298,
KratoSD,2492,32,50.28%,90,32,5.69,506,58,179,32,6.48 km,1159.78 km,2.35 km,4.13 km,716,7,64250,88.27%,158,25m,33m,495,401,4,1,54,358.94,12,215,8.10,78,15.42%,556 m,5,4,399,
Jukaos,2505,33,40.00%,124,33,3.80,707,52,310,39,7.49 km,2322.33 km,2.30 km,5.19 km,1481,13,94203,87.10%,270,25m,36m,1381,955,1,1,103,303.88,10,329,5.57,104,14.71%,628 m,5,4,563,
Skrov,2515,34,48.07%,112,36,5.38,651,12,233,29,6.34 km,1476.36 km,2.44 km,3.90 km,1122,9,79791,86.27%,201,24m,32m,706,515,0,0,72,342.45,10,274,7.64,156,23.96%,733 m,2,4,520,
DreamRust,2493,35,39.18%,134,37,4.73,984,13,342,38,6.78 km,2318.94 km,2.18 km,4.60 km,1331,20,132610,82.16%,281,24m,36m,1699,813,4,0,115,387.75,16,397,6.64,224,22.76%,689 m,10,5,860,
mcrNTC,2493,35,39.18%,134,37,4.73,984,13,342,38,6.78 km,2318.94 km,2.18 km,4.60 km,1331,20,132610,82.16%,281,24m,36m,1699,813,4,0,115,387.75,16,397,6.64,224,22.76%,689 m,10,5,860,
Arthur44,2483,37,34.22%,64,35,3.91,481,99,187,18,6.24 km,1166.67 km,2.09 km,4.15 km,865,7,60999,83.42%,156,23m,36m,814,407,0,0,45,326.20,12,208,5.60,102,21.21%,454 m,4,4,371,
killdemo,2479,38,30.68%,77,39,4.72,821,23,251,34,8.94 km,2243.94 km,4.56 km,4.38 km,1039,20,105152,68.92%,173,20m,36m,758,737,3,2,106,418.93,15,286,6.36,155,18.88%,567 m,5,4,665,
Homefrost,2457,39,33.75%,81,40,3.26,519,107,240,36,6.77 km,1624.81 km,2.17 km,4.60 km,1316,9,66975,85.00%,204,24m,35m,1093,701,0,0,83,279.06,10,196,4.50,96,18.50%,474 m,3,5,413,
JehovahDF-BR,2487,41,40.64%,89,41,4.28,556,86,219,34,7.68 km,1682.91 km,2.12 km,5.56 km,1146,15,72940,93.15%,204,26m,36m,669,538,4,4,56,333.06,14,198,5.80,94,16.91%,600 m,7,3,451,
Sarg3nt0,2455,42,33.82%,116,38,2.89,657,333,343,34,7.71 km,2644.18 km,2.23 km,5.48 km,1536,17,90006,84.26%,289,24m,34m,1491,1072,3,1,99,262.41,11,319,4.30,99,15.07%,467 m,5,4,566,
DGzz,2446,43,29.70%,79,49,4.25,795,16,266,36,5.44 km,1446.37 km,1.96 km,3.47 km,1333,16,100370,69.92%,186,20m,36m,821,924,2,1,91,377.33,12,259,5.64,155,19.50%,680 m,6,4,645,
Seba-uy,2417,45,23.39%,58,45,3.66,695,53,248,34,5.13 km,1272.82 km,2.11 km,3.02 km,1240,10,88752,73.79%,183,23m,36m,724,666,0,0,90,357.87,11,271,5.08,100,14.39%,507 m,3,4,536,
Kipamu,2428,46,35.11%,66,53,5.78,705,10,188,24,3.57 km,671.44 km,1.87 km,1.70 km,1021,4,84815,77.13%,145,22m,32m,585,485,1,0,58,451.14,16,185,7.30,122,17.30%,543 m,1,4,552,
Sentinelapk,2415,47,22.74%,88,42,2.59,775,197,387,40,5.98 km,2315.68 km,1.87 km,4.12 km,2174,22,100354,78.04%,302,22m,34m,1752,1055,2,1,81,259.31,11,286,3.55,140,18.06%,470 m,9,9,619,
xFireWinteR,2543,48,38.27%,181,43,3.57,1041,156,473,37,7.86 km,3716.28 km,2.22 km,5.64 km,2065,28,135782,91.12%,431,26m,36m,1565,1494,6,4,163,287.06,11,479,5.21,198,19.02%,770 m,19,4,843,
lRevolution,2447,36,48.95%,70,46,6.58,480,20,143,23,5.93 km,848.67 km,2.52 km,3.42 km,880,9,57993,86.01%,123,24m,34m,674,387,0,0,46,405.55,14,207,9.41,90,18.75%,609 m,1,4,386,
JohnNYBOY,2420,49,37.87%,64,56,5.30,556,29,169,27,4.44 km,750.23 km,1.97 km,2.47 km,796,9,69465,71.60%,121,22m,36m,699,400,5,2,59,411.03,13,180,7.01,102,18.35%,450 m,1,4,459,
Xantic,2422,49,47.77%,107,55,6.34,742,24,224,34,5.68 km,1273.37 km,2.27 km,3.41 km,1038,12,80717,76.34%,171,23m,34m,863,720,0,0,115,360.34,13,303,8.93,146,19.68%,527 m,4,4,567,
GoTo3-UY,1819,36081,8.51%,4,60644,3.58,154,1302,47,9,2.09 km,98.23 km,1.12 km,0.97 km,174,0,17388,19.15%,9,12m,31m,93,70,0,0,7,369.96,14,27,4.21,26,16.88%,409 m,0,4,134,
M4GO,2392,50,32.31%,74,50,2.86,444,143,229,33,6.68 km,1529.12 km,2.14 km,4.54 km,1121,9,53315,76.86%,176,24m,36m,741,559,0,0,58,232.82,9,144,3.79,77,17.34%,313 m,6,4,348,
GoTo3,2016,7868,8.00%,8,15193,3.63,334,610,100,15,5.24 km,524.19 km,3.84 km,1.40 km,376,3,40307,34.00%,34,14m,34m,199,162,2,1,27,403.07,17,48,4.15,82,24.55%,456 m,2,4,297,
f0quissi,2403,51,43.26%,61,47,3.40,272,643,141,33,7.59 km,1070.72 km,2.21 km,5.38 km,754,7,39155,84.40%,119,25m,36m,485,364,2,0,55,277.70,8,149,5.26,41,15.07%,647 m,2,4,218,
HF95,2443,52,27.76%,78,59,4.05,823,50,281,38,6.07 km,1705.23 km,2.06 km,4.01 km,1442,39,109168,80.78%,227,22m,33m,1091,1185,0,0,76,388.50,13,252,5.30,157,19.08%,592 m,3,5,699,
Godnez_,2403,53,48.98%,72,51,4.33,325,467,147,24,6.69 km,983.30 km,2.36 km,4.32 km,555,7,42154,91.16%,134,25m,33m,753,395,0,0,89,286.76,7,210,7.13,66,20.31%,668 m,0,3,243,
W0LV3S,2389,54,37.02%,67,54,3.77,430,181,181,33,6.80 km,1230.26 km,2.08 km,4.72 km,964,16,62612,84.53%,153,24m,36m,956,541,4,4,74,345.92,13,203,5.55,72,16.74%,463 m,8,4,361,
Pr1moo,2167,329,13.87%,19,387,2.23,263,766,137,22,5.37 km,736.22 km,1.66 km,3.71 km,642,3,36743,63.50%,87,19m,34m,487,353,4,3,26,268.20,10,92,3.01,43,16.35%,572 m,3,4,224,
DEVEST_getyou,2173,727,16.00%,52,1256,3.99,1088,151,325,30,3.90 km,1266.77 km,1.56 km,2.33 km,1576,24,146228,51.69%,168,18m,33m,982,869,12,7,126,449.93,18,302,5.09,208,19.12%,483 m,3,5,939,
Cayler,2453,55,42.11%,136,57,3.11,582,465,323,35,8.61 km,2782.57 km,3.45 km,5.17 km,1871,26,81305,87.00%,281,26m,36m,1208,926,3,0,114,251.72,9,330,4.88,105,18.04%,709 m,11,3,486,
Kiuy,2102,900,23.08%,15,1178,4.16,208,1064,65,11,4.61 km,299.34 km,1.93 km,2.68 km,220,1,28405,69.23%,45,21m,32m,269,158,0,0,20,437.00,11,69,5.54,34,16.35%,386 m,1,4,178,
WagnerShoXz,2408,56,26.77%,83,63,2.56,582,178,310,37,7.08 km,2195.43 km,2.27 km,4.81 km,1197,24,79448,84.52%,262,25m,36m,1283,789,4,2,123,256.28,8,244,3.64,101,17.35%,699 m,7,4,467,
hikekalisz,2404,62,34.62%,45,91,6.95,591,5,130,21,3.68 km,478.58 km,2.20 km,1.48 km,670,7,77072,80.77%,105,24m,36m,459,343,0,0,59,592.86,12,178,9.05,93,15.74%,643 m,0,4,497,
Xubaca,2353,64,36.70%,69,53,2.84,338,1829,188,24,3.95 km,742.60 km,2.06 km,1.89 km,845,4,51051,81.91%,154,25m,36m,365,305,2,0,106,271.55,8,219,4.68,57,16.86%,544 m,0,3,259,
Msenna1,2360,58,22.04%,69,58,1.74,425,540,313,37,5.35 km,1673.15 km,2.04 km,3.30 km,1369,9,64299,68.69%,215,21m,36m,916,824,19,9,110,205.43,9,182,2.49,90,21.18%,477 m,3,4,376,
Arthuremc,2346,59,27.68%,62,46,0.94,152,6693,224,34,7.24 km,1622.83 km,2.06 km,5.18 km,856,5,25955,85.71%,192,24m,36m,902,506,0,0,96,115.87,7,144,1.83,20,13.16%,506 m,1,3,131,
JehovahDF-BR,2487,41,40.64%,89,41,4.28,556,86,219,34,7.68 km,1682.91 km,2.12 km,5.56 km,1146,15,72940,93.15%,204,26m,36m,669,538,4,4,56,333.06,14,198,5.80,94,16.91%,600 m,7,3,451,
Gineisson,2420,61,25.79%,41,61,2.53,298,962,159,26,7.02 km,1116.69 km,2.24 km,4.79 km,780,8,41020,86.16%,137,25m,33m,601,415,0,0,42,257.99,9,116,3.51,62,20.81%,659 m,1,3,247,
Fz-Qun-243634877,
airi,2208,325,20.00%,16,403,3.09,198,585,80,11,5.55 km,443.72 km,1.98 km,3.56 km,397,6,27222,72.50%,58,22m,32m,290,216,1,0,26,340.27,16,80,4.34,31,15.66%,540 m,3,3,170,
Soldado_Geron,2352,62,28.66%,47,62,1.66,194,1216,164,28,5.93 km,972.38 km,1.83 km,4.10 km,704,5,26633,78.05%,128,24m,34m,460,321,2,0,46,162.40,7,105,2.56,29,14.95%,341 m,2,4,169,
DosSantos,2334,63,42.20%,46,67,4.11,259,538,109,25,7.35 km,800.94 km,2.24 km,5.11 km,471,9,35550,78.90%,86,25m,36m,211,215,2,1,32,326.15,9,120,6.02,43,16.60%,500 m,7,3,226,
gust1-,2358,64,36.67%,44,66,3.21,244,658,120,23,7.18 km,861.19 km,2.23 km,4.94 km,531,10,34584,90.00%,108,25m,33m,360,376,0,0,41,288.20,8,142,5.08,44,18.03%,419 m,2,3,199,
Flocka-rw,2376,65,39.04%,57,70,3.02,269,396,146,29,6.13 km,895.37 km,2.39 km,3.74 km,800,2,37883,86.30%,126,25m,36m,491,392,1,1,39,259.47,12,139,4.58,45,16.73%,338 m,3,4,235,
YGR1,2360,70,17.93%,26,69,1.85,220,934,145,23,5.48 km,794.09 km,1.93 km,3.54 km,642,6,33087,63.45%,92,20m,32m,462,232,0,0,39,228.18,8,108,2.76,49,22.27%,485 m,0,3,184,
Watalan,1896,6601,7.69%,15,11311,2.27,409,1370,195,31,2.43 km,474.70 km,1.10 km,1.33 km,755,8,57150,25.64%,50,12m,32m,330,291,10,4,48,293.07,9,114,2.91,87,21.27%,452 m,3,3,359,
Elitejp,1588,56236,6.25%,1,64771,3.40,51,27220,16,4,2.96 km,47.43 km,2.19 km,0.77 km,84,0,5355,56.25%,9,19m,32m,43,44,0,0,2,334.66,11,10,4.07,14,27.45%,182 m,0,5,44,
H0ss-,1690,38704,15.00%,3,48106,3.53,60,14306,20,4,4.27 km,85.44 km,1.27 km,3.01 km,90,3,7274,55.00%,11,18m,31m,54,39,1,1,8,363.72,10,11,4.18,17,28.33%,326 m,0,3,49,
Darkshadonw,2347,67,20.79%,58,60,1.56,344,2127,279,25,6.47 km,1803.93 km,1.96 km,4.51 km,1331,11,52802,81.36%,227,24m,36m,992,531,1,1,99,189.25,8,209,2.50,60,17.44%,418 m,8,3,301,
Chapa,2480,68,32.18%,84,82,4.26,754,63,261,36,5.04 km,1316.74 km,1.98 km,3.06 km,1080,16,105261,75.48%,197,23m,36m,843,703,4,1,104,403.30,12,309,6.01,164,21.75%,535 m,0,3,624,
zergdead,1819,18547,8.00%,6,28206,2.29,158,3120,75,13,2.91 km,218.54 km,1.47 km,1.45 km,288,3,19297,38.67%,29,13m,35m,149,112,1,1,14,257.29,10,51,3.03,25,15.82%,391 m,0,3,127,
BHPieri,2328,70,28.83%,79,72,3.04,593,444,274,38,6.06 km,1660.84 km,2.20 km,3.86 km,1376,9,74317,74.09%,203,22m,34m,839,832,3,1,48,271.23,13,231,4.23,104,17.54%,484 m,14,4,484,
SGTmage,1987,2883,47.83%,11,3128,5.42,65,5430,23,5,4.60 km,105.87 km,2.56 km,2.04 km,128,1,8843,82.61%,19,24m,32m,95,74,0,0,6,384.46,11,19,7.00,20,30.77%,360 m,0,2,59,
naluck,2161,3520,18.06%,13,4853,2.92,172,2181,72,16,4.14 km,298.31 km,1.68 km,2.46 km,282,4,20708,54.17%,39,19m,33m,230,171,2,1,35,287.61,12,62,3.97,26,15.12%,525 m,1,3,153,
Mr-Pool,2381,71,30.27%,89,56,1.81,372,4526,294,38,7.40 km,2176.52 km,2.23 km,5.18 km,1525,18,53038,87.41%,257,25m,36m,1366,844,1,1,116,180.40,6,262,3.09,58,15.59%,395 m,3,4,303,
hnKONEEEEEE,2353,72,39.13%,36,95,5.80,325,38,92,10,8.02 km,737.58 km,2.45 km,5.56 km,455,4,41001,84.78%,78,25m,36m,628,244,0,0,32,445.66,14,120,7.95,74,22.77%,469 m,3,3,226,
TIROTORT0,2323,74,25.83%,62,81,3.57,635,139,240,31,4.91 km,1178.57 km,2.17 km,2.74 km,920,11,80009,72.08%,173,23m,36m,797,555,1,0,81,333.37,10,198,4.68,122,19.21%,458 m,4,3,561,
xTobbYx,1973,5218,15.52%,9,9077,3.76,184,1108,58,16,3.66 km,212.22 km,2.05 km,1.61 km,238,0,19938,53.45%,31,19m,32m,145,80,0,0,15,343.75,16,44,4.65,31,16.85%,505 m,4,3,140,
VitS,2340,75,49.25%,33,74,4.32,147,1163,67,19,7.90 km,529.58 km,2.13 km,5.77 km,303,3,20992,85.07%,57,25m,36m,250,199,1,1,18,313.31,11,57,6.00,24,16.33%,476 m,3,3,130,
karlaius,2186,3155,13.89%,15,5029,2.54,236,1158,108,23,4.75 km,512.46 km,2.01 km,2.73 km,503,4,30514,63.89%,69,20m,32m,298,247,5,3,38,282.54,10,67,3.26,44,18.64%,468 m,1,3,200,
RyuujiTora,2335,74,26.47%,54,78,2.60,390,224,204,29,6.07 km,1237.59 km,1.71 km,4.36 km,1013,19,56784,75.00%,153,23m,35m,602,606,4,2,48,278.35,10,174,3.76,69,17.69%,454 m,2,3,323,
GuiTakashi,2390,75,24.09%,66,68,1.72,357,1612,274,39,6.31 km,1729.26 km,2.06 km,4.25 km,1221,9,51774,82.85%,227,23m,36m,1452,504,1,1,69,188.96,7,198,2.67,77,21.57%,510 m,6,4,328,
omoplata,2395,76,31.21%,44,76,3.02,293,366,141,27,8.17 km,1152.38 km,3.96 km,4.21 km,674,14,39830,82.98%,117,24m,34m,452,363,0,0,40,282.48,8,145,4.52,63,21.50%,492 m,5,3,251,
Lavarte,2321,77,13.74%,25,74,1.38,216,999,182,25,5.91 km,1076.31 km,1.95 km,3.96 km,780,4,28857,76.37%,139,22m,32m,790,430,0,0,64,158.55,7,133,2.22,32,14.81%,344 m,1,3,150,
eARTh-,1849,12911,9.30%,4,23796,4.59,179,926,43,13,4.01 km,172.24 km,1.51 km,2.49 km,230,7,22938,51.16%,22,18m,32m,150,105,1,0,9,533.44,13,25,5.23,38,21.23%,476 m,0,5,145,
GordinhoZuero,2313,79,28.07%,48,69,2.06,253,1789,171,32,5.77 km,987.29 km,2.02 km,3.76 km,689,11,36515,74.85%,128,23m,34m,603,471,1,0,62,213.54,8,139,3.19,50,19.76%,303 m,1,4,207,
imayday,2049,1329,11.29%,7,1428,2.20,121,3130,62,13,3.38 km,209.40 km,1.73 km,1.65 km,231,2,17043,50.00%,31,18m,33m,180,108,2,2,17,274.89,8,47,3.05,20,16.53%,289 m,1,2,106,
psk1,2313,80,31.25%,55,102,5.17,625,51,176,20,4.79 km,843.48 km,2.44 km,2.36 km,706,6,79310,66.48%,117,22m,32m,567,335,4,2,78,450.62,13,226,7.03,85,13.60%,481 m,0,4,500,
th3hummer,2312,79,36.21%,21,102,6.16,228,43,58,9,6.02 km,349.45 km,2.31 km,3.71 km,341,2,30875,86.21%,50,26m,35m,227,96,0,0,20,532.32,10,66,7.95,61,26.75%,604 m,1,4,184,
PIPAA,2203,219,11.51%,16,375,4.36,536,45,139,22,2.46 km,341.55 km,1.22 km,1.24 km,681,3,65976,52.52%,73,17m,32m,285,252,1,0,26,474.65,12,64,4.88,89,16.60%,394 m,1,4,447,
Mexpecial,1919,5428,6.15%,4,8598,2.44,149,1721,65,15,2.74 km,177.78 km,1.15 km,1.58 km,254,1,18594,33.85%,22,15m,32m,171,145,2,0,18,286.07,17,37,3.05,20,13.42%,310 m,0,4,130,
Qq_259259_6363-,2672,1,89.16%,74,3,368.22,3314,2,83,4,8.36 km,694.14 km,2.37 km,5.99 km,435,27,319436,96.39%,80,22m,29m,70,97,7,0,19,3848.63,65,39,372.56,46,1.39%,1210 m,5,19,2280,
u5_sick,2657,2,45.15%,107,2,5.00,650,84,237,25,7.58 km,1795.97 km,2.25 km,5.32 km,1251,19,86877,87.34%,207,25m,36m,720,644,3,3,63,366.57,13,294,7.26,132,20.31%,700 m,9,4,533,
1k-shihuai,2645,3,65.26%,62,1,7.18,237,377,95,11,7.42 km,704.64 km,2.39 km,5.03 km,477,8,29416,90.53%,86,27m,36m,308,295,0,0,34,309.64,8,168,12.27,39,16.46%,468 m,0,5,169,
1k-suannai,2627,4,73.81%,62,9,17.23,379,20,84,10,7.42 km,623.08 km,2.21 km,5.20 km,556,16,45528,92.86%,78,28m,36m,358,325,1,1,34,542.00,14,194,26.05,79,20.84%,483 m,0,3,285,
1k-hhf,2625,5,65.35%,66,5,10.29,360,76,101,12,7.17 km,724.21 km,2.52 km,4.65 km,577,4,45636,89.11%,90,28m,36m,295,382,5,1,49,451.84,12,169,15.11,92,25.56%,530 m,0,4,269,
ThoHouse_GaTho,2615,6,51.10%,93,14,18.28,1627,1,182,17,6.34 km,1153.59 km,2.66 km,3.67 km,977,25,183069,73.63%,134,21m,32m,426,573,7,4,161,1005.87,29,257,21.17,799,49.11%,941 m,12,5,1399,
Mini-14ios,2672,0,52.79%,161,0,19.68,2834,0,305,26,6.20 km,1891.79 km,2.58 km,3.63 km,1550,22,336265,83.93%,256,25m,36m,527,1189,10,4,109,1102.51,26,208,21.13,1177,41.53%,635 m,4,7,2252,
1k-maoni,2604,7,65.69%,67,4,8.14,285,259,102,12,7.41 km,756.30 km,2.16 km,5.26 km,504,29,39770,91.18%,93,27m,36m,439,358,1,0,43,389.91,14,228,14.66,45,15.79%,686 m,2,4,229,
66tianxia66,2588,10,34.17%,68,8,3.22,422,271,199,27,6.53 km,1298.81 km,2.02 km,4.51 km,982,17,55812,81.41%,162,23m,33m,563,536,0,0,57,280.46,11,234,5.01,80,18.96%,440 m,3,3,350,
OMGHm,2640,5,48.72%,76,5,4.90,392,117,156,18,6.89 km,1075.12 km,2.33 km,4.56 km,792,8,53283,89.74%,140,27m,36m,411,534,1,1,47,341.55,10,203,7.44,74,18.88%,395 m,0,3,342,
baoli6666666,2607,9,43.22%,102,10,4.63,621,185,236,29,7.70 km,1818.06 km,2.24 km,5.47 km,1031,21,78989,87.29%,206,26m,36m,704,711,0,0,106,334.70,11,294,6.83,94,15.14%,536 m,4,4,467,
WG3qun-327520996,1402,845671,100.00%,2,868441,0.00,28,755730,2,1,6.13 km,12.26 km,2.75 km,3.38 km,11,0,3294,100.00%,2,28m,29m,3,7,0,0,1,1646.81,14,3,0.00,7,25.00%,662 m,0,4,23,
Reakybb,2549,10,30.98%,57,13,4.42,561,69,184,25,6.33 km,1164.75 km,2.35 km,3.98 km,766,9,72290,80.43%,148,23m,33m,502,601,3,1,59,392.88,14,203,6.02,126,22.46%,509 m,4,4,472,
LGD-xiaot,2635,17,47.59%,89,32,8.23,807,11,187,20,5.37 km,1004.06 km,2.19 km,3.18 km,935,19,96641,86.63%,162,26m,36m,934,786,2,1,92,516.80,15,358,11.89,132,16.36%,498 m,3,4,657,
Q-qun640747345,
OMGse,2560,18,50.00%,78,15,4.32,337,534,156,20,6.91 km,1078.16 km,2.21 km,4.70 km,756,10,49004,89.74%,140,26m,36m,542,428,0,0,68,314.13,10,246,7.47,64,18.99%,360 m,0,3,267,
DIYIMMP,2520,19,31.71%,65,19,3.48,487,278,205,28,13.69 km,2807.27 km,7.96 km,5.73 km,902,12,61357,79.51%,163,23m,33m,649,529,3,2,76,299.30,13,230,5.12,98,20.12%,438 m,10,3,373,
Xiaobei1246,2517,20,48.25%,69,20,5.69,421,217,143,24,11.06 km,1581.80 km,5.42 km,5.64 km,657,24,54982,86.71%,124,25m,32m,433,354,1,0,34,384.49,12,195,8.32,132,31.35%,409 m,5,4,372,
ShenLe_____,2517,6,29.08%,41,7,3.46,346,56,141,13,5.95 km,838.83 km,1.74 km,4.21 km,793,8,50572,75.18%,106,24m,36m,379,396,3,1,61,358.67,10,152,4.98,66,19.08%,414 m,3,4,317,
MG-Tv-226347580,
zixuan1246,2502,23,46.26%,68,28,5.85,462,161,147,26,6.99 km,1028.07 km,2.65 km,4.35 km,838,21,55427,85.03%,125,25m,36m,351,397,0,0,63,377.05,16,222,8.66,103,22.29%,375 m,1,4,349,
QIE-p9,2535,25,37.96%,41,16,1.94,130,1749,108,11,12.91 km,1394.63 km,9.97 km,2.94 km,526,4,17837,76.85%,83,22m,32m,352,287,1,0,26,165.15,6,99,3.42,21,16.15%,330 m,0,3,98,
righthand01,2515,25,34.90%,67,29,3.77,471,200,192,24,7.31 km,1403.94 km,2.82 km,4.50 km,1001,22,60293,77.60%,149,24m,36m,681,609,4,2,59,314.03,11,171,5.14,91,19.32%,609 m,2,4,388,
Anjing,2537,26,40.66%,74,22,3.64,393,478,182,26,6.47 km,1177.98 km,1.82 km,4.65 km,812,14,53416,84.07%,153,25m,36m,507,401,0,0,71,293.49,8,201,5.50,72,18.32%,392 m,4,4,303,
XuTianShuo,1956,18597,41.67%,10,32465,20.07,281,3541,24,8,4.00 km,96.01 km,2.27 km,1.74 km,127,2,31464,62.50%,15,20m,31m,53,54,1,0,4,1311.02,29,21,21.57,159,56.58%,489 m,0,6,228,
WGqun94759085,
touge,2495,13,44.21%,103,9,2.40,312,1183,233,23,7.60 km,1771.30 km,2.08 km,5.52 km,1434,16,43315,83.26%,194,26m,36m,806,515,2,1,81,185.90,8,231,4.18,45,14.42%,422 m,6,4,227,
dajiaoguai,2474,0,45.71%,16,0,30.58,581,0,35,2,6.39 km,223.76 km,3.56 km,2.83 km,153,3,65493,85.71%,30,24m,31m,25,76,0,0,36,1871.24,31,30,32.16,330,56.80%,800 m,1,9,505,
Nicexinzai___,
LGD-XIN8,2556,31,47.42%,92,40,5.24,534,194,194,20,5.43 km,1052.62 km,2.17 km,3.25 km,864,10,70336,85.57%,166,25m,36m,967,500,3,2,90,362.55,15,300,8.18,101,18.91%,458 m,3,4,432,
LYG_NuoNuo,2468,19,30.94%,56,27,3.51,439,87,181,23,5.24 km,947.60 km,2.37 km,2.87 km,865,13,49904,82.32%,149,24m,33m,443,364,0,0,61,275.71,12,219,5.26,81,18.45%,296 m,2,4,332,
Some1-,2471,28,31.51%,75,29,2.48,405,501,238,23,6.97 km,1657.90 km,1.81 km,5.16 km,950,9,57912,72.69%,173,22m,34m,715,720,5,2,71,243.33,10,218,3.82,65,16.05%,418 m,13,4,354,
OMGm4gololx,2596,33,51.02%,75,29,3.93,283,1615,147,20,6.93 km,1018.07 km,2.15 km,4.78 km,776,9,38316,91.16%,134,26m,36m,467,433,1,0,50,260.65,11,183,6.47,53,18.73%,400 m,1,4,223,
YaDu_Patient,2596,33,51.02%,75,29,3.93,283,1615,147,20,6.93 km,1018.07 km,2.15 km,4.78 km,776,9,38316,91.16%,134,26m,36m,467,433,1,0,50,260.65,11,183,6.47,53,18.73%,400 m,1,4,223,
Azraelhrb,2476,37,23.91%,22,44,2.84,199,205,92,7,3.78 km,347.40 km,1.88 km,1.90 km,432,6,26349,76.09%,70,22m,35m,359,236,1,1,39,286.41,10,84,4.04,32,16.08%,515 m,1,4,153,
power88,2474,25,18.70%,46,33,4.19,837,46,246,24,3.06 km,753.07 km,1.73 km,1.33 km,890,10,111920,52.85%,130,17m,32m,671,464,7,3,47,454.96,20,136,4.87,286,34.17%,757 m,1,5,750,
LYG_AceLaoShan,2456,27,29.89%,55,38,4.19,541,51,184,23,9.89 km,1820.64 km,5.94 km,3.95 km,922,23,69132,80.98%,149,23m,33m,603,473,0,0,62,375.72,10,274,6.32,95,17.56%,626 m,1,4,434,
GTXTIAN,2467,39,54.05%,40,95,34.35,1168,6,74,4,5.00 km,369.67 km,2.66 km,2.33 km,338,3,146422,71.62%,53,23m,33m,99,277,3,0,52,1978.67,37,48,35.76,444,38.01%,995 m,0,8,1111,
Qun169251778,1208,2171694,0.00%,0,2277288,4.00,4,1527075,1,1,4.76 km,4.76 km,0.57 km,4.19 km,4,0,580,0.00%,0,14m,14m,0,2,0,0,0,579.63,4,0,4.00,2,50.00%,96 m,0,4,4,
HaiYouShui,2454,33,20.31%,26,23,1.83,187,778,128,19,3.94 km,504.84 km,2.51 km,1.44 km,575,3,25849,73.44%,94,22m,34m,403,304,2,1,44,201.95,7,124,3.05,44,23.53%,355 m,0,3,163,
SPADE,2450,30,17.50%,21,30,2.49,247,253,120,16,4.06 km,486.89 km,2.31 km,1.75 km,604,8,37214,70.83%,85,22m,36m,404,306,1,0,43,310.12,8,123,3.74,32,12.96%,441 m,0,3,204,
LYG_TuDouBoss,2478,41,33.33%,68,69,5.29,720,67,204,29,5.06 km,1032.17 km,2.43 km,2.63 km,1030,16,93188,80.39%,164,23m,34m,679,565,2,2,59,456.80,14,312,7.59,151,20.97%,478 m,0,4,614,
GODblessMayu,1568,403354,23.08%,3,386929,3.10,31,513061,13,3,2.94 km,38.28 km,1.53 km,1.41 km,55,0,3761,46.15%,6,18m,31m,26,12,0,0,6,289.27,21,3,3.40,14,45.16%,209 m,0,5,25,
MR_JY,2445,33,28.09%,25,38,2.86,183,158,89,15,6.28 km,558.83 km,2.15 km,4.12 km,432,4,21578,80.90%,72,23m,32m,340,174,0,0,37,242.45,9,85,4.19,23,12.57%,333 m,2,3,153,
Jiaozhu1627,2456,44,28.37%,61,59,4.95,763,119,215,27,4.65 km,999.31 km,2.06 km,2.59 km,1053,18,98658,72.56%,156,22m,36m,755,551,4,1,119,458.87,15,303,6.92,166,21.76%,449 m,0,4,624,
courir,2511,45,20.25%,32,61,3.08,388,93,158,17,4.40 km,694.82 km,2.06 km,2.33 km,785,8,54112,72.78%,115,21m,35m,532,507,0,0,49,342.48,10,169,4.42,89,22.94%,511 m,0,4,338,
LGD-ZhouKe,2520,46,47.15%,91,42,4.32,441,937,193,21,4.86 km,937.70 km,2.13 km,2.73 km,847,14,61495,82.38%,159,24m,36m,706,577,1,0,91,318.63,13,274,7.01,63,14.29%,393 m,2,7,371,
pandaTV-1353703,2256,917,15.48%,13,1135,3.18,226,1662,84,15,3.88 km,325.79 km,2.12 km,1.76 km,424,3,27660,55.95%,47,20m,33m,279,191,0,0,29,329.28,12,76,4.25,33,14.60%,416 m,2,3,179,
iR1s,2455,49,18.25%,25,41,3.29,369,1468,137,16,5.04 km,690.92 km,2.01 km,3.03 km,540,12,48551,56.93%,78,20m,33m,417,430,4,0,40,354.39,12,108,4.26,59,15.99%,283 m,1,3,325,
Tys_Rex,2438,49,65.96%,31,20,0.31,5,12822,47,3,1.96 km,92.05 km,1.15 km,0.81 km,21,0,1103,82.98%,39,22m,29m,3,3,2,0,1,23.47,2,1,0.38,2,40.00%,639 m,0,1,10,
DouyuTv-23627,1200,2380993,0.00%,0,2422185,1.00,1,1964234,1,1,0.14 km,0.14 km,0.14 km,0.00 km,2,0,184,0.00%,0,4m,4m,0,0,0,0,0,183.72,1,0,1.00,1,100.00%,4 m,0,1,1,
coffeekafei,2430,32,12.03%,29,78,3.96,840,4,241,18,2.82 km,680.74 km,1.62 km,1.20 km,968,12,111526,39.00%,94,16m,33m,502,396,13,4,100,462.76,35,86,4.37,278,33.10%,999 m,5,9,840,
EdwardElric-_,2148,0,11.63%,5,0,4.63,176,0,43,6,3.54 km,152.21 km,1.93 km,1.61 km,227,1,20365,46.51%,20,16m,31m,142,85,1,0,8,473.60,15,30,5.42,59,33.52%,614 m,0,3,150,
YOYO-chiji,2426,59,67.57%,25,104,30.08,361,17,37,4,5.42 km,200.56 km,2.45 km,2.97 km,187,6,44312,81.08%,30,25m,32m,86,139,2,1,14,1197.61,19,46,33.92,137,37.95%,619 m,0,6,319,
Yang9063,1521,489145,28.57%,2,502537,5.00,25,457712,7,2,5.45 km,38.15 km,2.18 km,3.26 km,44,3,2154,57.14%,4,21m,30m,16,13,0,0,3,307.68,7,3,5.60,4,16.00%,180 m,0,3,18,
QQ_2686196208,2426,47,34.15%,14,91,19.07,515,22,41,3,3.89 km,159.50 km,1.97 km,1.92 km,148,2,58873,65.85%,27,21m,31m,49,70,1,1,4,1435.94,34,7,19.33,321,62.33%,776 m,1,6,470,
SnakeTC_lin,2454,61,45.28%,48,127,18.98,1101,4,106,10,4.63 km,490.84 km,2.46 km,2.17 km,514,6,120649,79.25%,84,23m,36m,325,401,7,4,72,1138.19,29,66,20.12,612,55.59%,704 m,1,5,921,
OMGWangLaohu,2622,64,46.60%,89,50,4.46,455,985,191,23,6.57 km,1254.05 km,1.90 km,4.67 km,973,16,60050,87.43%,167,26m,36m,496,408,1,0,61,314.40,14,223,6.65,93,20.44%,479 m,5,3,374,
ProOpsct,2462,24,26.37%,48,29,3.46,463,81,182,16,5.95 km,1083.29 km,2.01 km,3.94 km,869,2,62104,79.12%,144,23m,36m,471,407,1,1,68,341.23,9,182,4.81,94,20.30%,461 m,4,5,406,
ChengDuPiKaQiu,2460,69,27.27%,51,54,2.56,348,786,187,30,5.54 km,1036.42 km,2.45 km,3.10 km,906,7,46491,75.94%,142,24m,34m,663,640,6,2,68,248.62,7,170,3.81,56,16.09%,448 m,1,3,275,
HuYa_3093_Nb,1234,2108933,0.00%,0,2192668,1.00,5,1565529,5,1,3.41 km,17.07 km,1.18 km,2.23 km,15,0,1200,20.00%,1,13m,27m,5,1,0,0,2,239.97,2,5,2.00,2,40.00%,133 m,0,1,6,
710106064z,2419,47,39.47%,60,96,8.43,776,18,152,22,4.90 km,744.85 km,1.95 km,2.95 km,712,4,108896,65.13%,99,21m,32m,319,333,10,6,42,716.42,22,198,10.59,227,29.25%,660 m,6,4,728,
FZqun-190267721,
OnlyAWM,2459,71,34.77%,97,62,2.95,537,586,279,23,7.61 km,2122.58 km,1.90 km,5.71 km,1342,22,72928,82.08%,229,24m,36m,1083,898,6,2,80,261.39,10,250,4.32,118,21.97%,468 m,17,4,424,
LYG_Ha1ker,2449,73,34.47%,81,75,3.53,543,282,235,32,5.18 km,1218.15 km,2.46 km,2.72 km,1139,19,64203,82.98%,195,23m,34m,657,522,1,1,119,273.20,9,337,5.71,88,16.21%,338 m,2,4,375,
MeSutOzi1,2411,45,20.65%,19,52,3.15,230,184,92,10,5.39 km,495.80 km,1.99 km,3.40 km,455,7,31435,75.00%,69,22m,35m,256,244,1,0,32,341.68,15,79,4.23,38,16.52%,393 m,4,3,202,
LGD-RyaNNNNNN,2548,77,45.66%,100,101,5.76,685,126,219,23,4.68 km,1025.26 km,1.88 km,2.80 km,1042,14,84860,80.82%,177,23m,36m,820,572,3,2,52,387.49,14,270,8.03,158,23.07%,480 m,2,4,544,
heika34,1951,19508,66.67%,10,28878,37.40,187,8803,15,4,4.77 km,71.50 km,2.77 km,2.00 km,72,2,19575,80.00%,12,24m,31m,17,65,2,1,4,1305.00,21,4,38.20,94,50.27%,337 m,0,4,147,
Tys_Crano,2405,69,73.68%,14,124,110.80,554,28,19,1,7.62 km,144.72 km,3.48 km,4.14 km,116,0,61098,89.47%,17,22m,29m,27,37,2,0,26,3215.68,59,5,111.80,430,77.62%,2016 m,2,11,475,
WG10qun198354606,
SnakeTC-XiaoRui,2402,81,30.25%,36,72,3.07,255,685,119,15,5.94 km,706.60 km,2.41 km,3.53 km,518,9,32884,76.47%,91,23m,33m,372,278,1,0,44,276.33,8,160,5.00,44,17.25%,304 m,0,3,205,
PandaTV-1397594,1775,126526,4.17%,2,173063,2.37,109,33314,48,6,3.01 km,144.28 km,1.69 km,1.32 km,226,2,16342,29.17%,14,16m,33m,122,127,1,0,32,340.46,10,47,3.39,21,19.27%,423 m,0,4,107,
ELANFF,2461,83,26.01%,58,140,7.15,1180,22,223,22,5.16 km,1151.00 km,2.11 km,3.05 km,1092,18,155721,71.30%,159,22m,33m,676,635,6,2,50,698.30,20,208,8.41,450,38.14%,851 m,3,5,1063,
Yy-52777_z7y,2055,4175,40.91%,9,3051,4.08,53,33608,22,3,3.32 km,72.95 km,1.73 km,1.58 km,98,6,6287,59.09%,13,18m,30m,38,43,2,1,12,285.76,8,17,5.38,13,24.53%,299 m,2,4,43,
xxgeg,2399,87,22.81%,13,136,7.66,337,39,57,4,4.31 km,245.66 km,1.92 km,2.39 km,282,1,41521,70.18%,40,23m,33m,70,112,0,0,5,728.44,22,18,8.07,150,44.51%,577 m,0,5,294,
SnakeTC-P13,2397,90,31.25%,40,81,2.88,253,877,128,15,5.95 km,762.21 km,2.41 km,3.55 km,573,14,34844,78.13%,100,24m,33m,395,317,0,0,43,272.22,10,141,4.48,46,18.18%,444 m,5,3,218,
simo7hayha,2441,53,24.73%,23,40,2.14,150,805,93,12,5.28 km,491.36 km,2.07 km,3.21 km,421,4,21443,81.72%,76,23m,34m,312,216,2,1,44,230.57,12,83,3.33,33,22.00%,340 m,0,4,127,
CN_CQ9527,2253,1903,12.33%,18,4710,4.01,513,103,146,19,3.87 km,565.25 km,2.06 km,1.81 km,566,5,69013,52.05%,76,18m,33m,476,343,2,1,35,472.69,12,81,4.64,168,32.75%,600 m,0,4,473,
warrior-Q,2393,93,37.66%,29,132,12.38,594,58,77,12,4.10 km,315.40 km,2.26 km,1.83 km,411,12,68485,61.04%,47,21m,32m,154,175,8,4,27,889.41,23,58,13.58,315,53.03%,771 m,0,7,497,
douyu-t-v-458410,2396,94,35.87%,33,82,3.73,220,1205,92,14,8.11 km,746.06 km,2.17 km,5.94 km,475,9,33005,88.04%,81,26m,36m,167,244,0,0,18,358.75,10,116,5.69,44,20.00%,390 m,2,4,199,
Wolf-Daniel,2393,62,32.74%,37,43,2.21,168,1637,113,16,5.23 km,590.81 km,2.41 km,2.82 km,546,13,23779,78.76%,89,23m,34m,355,334,1,0,52,210.43,6,117,3.75,28,16.67%,446 m,2,3,160,
Edison_Iin,2427,85,45.21%,33,184,21.40,856,7,73,8,5.12 km,373.73 km,2.81 km,2.31 km,388,3,96140,83.56%,61,24m,33m,244,317,0,0,38,1316.99,25,39,22.38,500,58.41%,731 m,1,5,705,
both0412,2426,98,37.50%,51,195,10.61,902,8,136,18,4.92 km,669.17 km,2.17 km,2.75 km,720,12,103418,71.32%,97,22m,36m,478,542,5,3,56,760.43,25,98,11.76,307,34.04%,484 m,4,6,744,
Wolf-Xyyyyyy,2410,63,33.61%,40,58,2.13,168,401,119,16,5.30 km,630.38 km,2.49 km,2.81 km,506,12,22884,78.99%,94,24m,34m,359,310,0,0,60,192.30,7,135,3.84,20,11.90%,388 m,0,4,131,
LinXiLuQiangWang,
ShinozaKey,2387,101,31.25%,30,85,3.35,221,1622,96,21,4.87 km,467.59 km,1.65 km,3.22 km,485,5,28458,77.08%,74,23m,36m,317,207,0,0,35,296.44,9,98,4.83,37,16.74%,253 m,0,4,185,
Lsida1246,2395,65,31.67%,19,77,3.17,130,284,60,15,6.07 km,364.05 km,2.23 km,3.84 km,278,6,17617,81.67%,49,23m,32m,152,120,2,2,27,293.61,7,74,4.98,21,16.15%,384 m,0,3,93,
Mr127,2385,102,29.05%,61,98,3.14,468,849,210,27,5.07 km,1064.32 km,2.05 km,3.02 km,969,9,58776,72.38%,152,22m,36m,650,534,0,0,90,279.88,13,253,4.84,60,12.82%,361 m,4,4,357,
MrourouM,2398,0,63.38%,45,0,26.27,683,0,71,4,5.68 km,403.25 km,2.15 km,3.53 km,478,6,78720,81.69%,58,25m,36m,112,312,3,0,17,1108.74,21,58,28.50,220,32.21%,542 m,5,6,560,
SilentBT,2390,103,41.49%,39,141,6.89,379,113,94,16,4.09 km,384.40 km,2.23 km,1.86 km,470,1,49375,61.70%,58,21m,35m,322,300,8,3,54,525.27,15,159,9.78,81,21.37%,412 m,0,4,303,
douyutv780555KK,2378,72,35.82%,24,126,7.49,322,42,67,12,4.48 km,300.26 km,2.19 km,2.30 km,395,5,39584,64.18%,43,21m,35m,301,228,3,1,26,590.80,14,94,9.67,70,21.74%,537 m,0,4,269,
66tianxia66,2588,10,34.17%,68,8,3.22,422,271,199,27,6.53 km,1298.81 km,2.02 km,4.51 km,982,17,55812,81.41%,162,23m,33m,563,536,0,0,57,280.46,11,234,5.01,80,18.96%,440 m,3,3,350,
LGE_A02,2389,91,32.65%,16,67,2.58,85,2010,49,4,6.44 km,315.56 km,2.24 km,4.20 km,220,6,11077,85.71%,42,26m,32m,108,94,0,0,14,226.05,8,51,4.12,9,10.59%,204 m,0,3,69,
GodSen666,2389,42,19.47%,22,21,2.00,182,3815,113,11,4.46 km,503.42 km,1.86 km,2.59 km,536,8,22356,67.26%,76,19m,34m,324,297,1,0,41,197.84,7,85,2.93,33,18.13%,389 m,2,3,140,
N1neCats,2376,104,34.38%,44,180,6.68,561,54,128,18,3.95 km,505.00 km,2.16 km,1.78 km,649,4,65399,64.84%,83,21m,36m,309,398,0,0,43,510.93,15,186,8.89,125,22.28%,741 m,2,4,442,
yy60846536,2375,105,56.25%,18,153,44.43,622,107,32,3,4.34 km,138.90 km,2.22 km,2.12 km,191,13,61497,78.13%,25,20m,31m,16,106,3,2,6,1921.80,47,10,45.14,194,31.19%,986 m,1,14,431,
ihone8s,2383,95,35.11%,46,228,18.92,1608,3,131,11,2.84 km,372.23 km,1.81 km,1.03 km,761,23,169336,48.85%,64,18m,32m,111,302,6,1,19,1292.64,41,31,19.28,570,35.45%,951 m,0,11,1198,
Tys_Josie,2374,105,31.58%,12,184,15.31,398,41,38,4,6.09 km,231.42 km,3.20 km,2.89 km,188,0,45653,68.42%,26,22m,33m,82,63,0,0,39,1201.40,49,15,15.88,270,67.84%,983 m,0,8,334,
PDS-QYQ,2160,1631,25.71%,9,2211,3.96,103,1858,35,9,3.73 km,130.64 km,1.60 km,2.13 km,201,0,12068,65.71%,23,19m,31m,54,72,0,0,21,344.81,14,38,5.42,21,20.39%,305 m,0,3,86,
hardbird,1792,100521,9.76%,4,115801,2.35,87,71617,41,12,2.75 km,112.73 km,1.20 km,1.55 km,203,2,13866,31.71%,13,14m,31m,83,98,0,0,2,338.20,14,19,2.86,16,18.39%,242 m,0,3,83,